Reference Handle,Token,Item Name,Variation Name,Unit and Precision,SKU,Description,Categories,Reporting Category,SEO Title,SEO Description,Permalink,GTIN,Square Online Item Visibility,Item Type,Weight (lb),Social Media Link Title,Social Media Link Description,Shipping Enabled,Self-serve Ordering Enabled,Delivery Enabled,Pickup Enabled,Price,Online Sale Price,Archived,Sellable,Contains Alcohol,Stockable,Auto Add Item to Check,Option Name 1,Option Value 1,Default Unit Cost,Default Vendor Name,Default Vendor Code,Enabled Mia's Bakery,Current Quantity Mia's Bakery,New Quantity Mia's Bakery,Stock Alert Enabled Mia's Bakery,Stock Alert Count Mia's Bakery,Price Mia's Bakery,Enabled Mias UES,Current Quantity Mias UES,New Quantity Mias UES,Stock Alert Enabled Mias UES,Stock Alert Count Mias UES,Price Mias UES,Enabled Times Square,Current Quantity Times Square,New Quantity Times Square,Stock Alert Enabled Times Square,Stock Alert Count Times Square,Price Times Square,Modifier Set - Border Color,Modifier Set - Cake Pop Cupcake Flavor Choice,Modifier Set - Cupcake Flavor,Modifier Set - Cupcake Frosting,Modifier Set - Extra Shot Add-on,Modifier Set - Flavor - INST7PSUNRASXDKNC5NF7UUI,Modifier Set - Flavor - QDJSMW4SXF3MTFEZDQ6QJIZC,Modifier Set - Flavors,Modifier Set - Hot Drinks Extra Shot Choice,Modifier Set - Inscription,Modifier Set - Size,"Tax - New York, New York (11201) (8.875%)"
#12-large-cookies-tray-to-go-,XXIM24CFGSB7CRX3LLQ72TVY,12 Large Cookies Tray to Go,,,8404969,,Cookie Packs to Go,Cookie Packs to Go,,,,,visible,Prepared food and beverage,,,,,,,Y,24.00,,N,,N,,N,,,,,,Y,,,,,,Y,,,,,,Y,,,,,,N,N,N,N,N,N,N,N,N,N,N,N
#12-pack-cupcakes-to-go-,KKK5CCJO6A5OJAQH3RZ2WCEB,12 Pack Cupcakes to Go,,,503730M,,Cupcakes to Go,Cupcakes to Go,,,,,visible,Prepared food and beverage,,,,,,,Y,45.00,,N,,N,,N,,,,,,Y,,,,,,Y,,,,,,Y,,,,,,N,N,N,N,N,N,N,N,N,N,N,N
#12-pack-french-macaron-to-go-,GOGROOWQZGKMUJNRNABJW5SK,12 Pack French Macaron to Go,,,686287Y,,Cookie Packs to Go,Cookie Packs to Go,,,,,visible,Prepared food and beverage,,,,,,,Y,38.00,,N,,N,,N,,,,,,Y,,,,,,Y,,,,,,Y,,,,,,N,N,N,N,N,N,N,N,N,N,N,N
#12-pack-vegan-cupcakes-to-go-,NYPFFCA3FNH6LZGQR7XPG6XZ,12 Pack Vegan Cupcakes to Go,,,9013356,,Cupcakes to Go,Cupcakes to Go,,,,,visible,Prepared food and beverage,,,,,,,Y,49.00,,N,,N,,N,,,,,,Y,,,,,,Y,,,,,,Y,,,,,,N,N,N,N,N,N,N,N,N,N,N,N
#24-pack-french-macaron-to-go-,LSXSGWAG6FYZLH47KWZKIZCD,24 Pack French Macaron to Go,,,954008J,,Cookie Packs to Go,Cookie Packs to Go,,,,,visible,Prepared food and beverage,,,,,,,Y,70.00,,N,,N,,N,,,,,,Y,,,,,,Y,,,,,,Y,,,,,,N,N,N,N,N,N,N,N,N,N,N,N
#4-pack-cupcakes-to-go-,ABX73SUP3PXIQ7WDZAEH7V35,4 Pack Cupcakes to Go,,,J147038,,Cupcakes to Go,Cupcakes to Go,,,,,visible,Prepared food and beverage,,,,,,,Y,16.00,,N,,N,,N,,,,,,Y,,,,,,Y,,,,,,Y,,,,,,N,N,N,N,N,N,N,N,N,N,N,N
#4-pack-tres-leches-to-go-,3GN7Y43Q7UVNNQ4IC5M4TWP5,4 Pack Tres Leches to Go,,,Q849195,,Cupcakes to Go,Cupcakes to Go,,,,,visible,Prepared food and beverage,,,,,,,Y,18.00,,N,,N,,N,,,,,,Y,,,,,,Y,,,,,,Y,,,,,,N,N,N,N,N,N,N,N,N,N,N,N
#5-slice-special-cake-slice,D3YWBXEOARXUC7Y2D5YVNKYD,5 Slice Special Cake,Slice,,V169162,,Cakes to Go,Cakes to Go,,,,,visible,Prepared food and beverage,,,,,,,Y,38.00,,N,,N,,N,,,,,,Y,,,,,,Y,,,,,,Y,,,,,,N,N,N,N,N,N,N,N,N,N,N,N
#5-slice-special-cake-7inch,AKWDHXOOCTRJGLLQLQP5SGBZ,5 Slice Special Cake,7inch,,Z429445,,Cakes to Go,Cakes to Go,,,,,visible,Prepared food and beverage,,,,,,,,50.00,,N,,,,N,,,,,,Y,,,,,,Y,,,,,,Y,,,,,,N,N,N,N,N,N,N,N,N,N,N,N
#5-slice-special-cake-8inch,HPFTZMNCGPU6OKTWGVCW3ZAU,5 Slice Special Cake,8inch,,651105X,,Cakes to Go,Cakes to Go,,,,,visible,Prepared food and beverage,,,,,,,,54.00,,N,,,,N,,,,,,Y,,,,,,Y,,,,,,Y,,,,,,N,N,N,N,N,N,N,N,N,N,N,N
#5-slice-special-cake-10inch,GEOEF6GLEJYGLQJFISV7C7T2,5 Slice Special Cake,10inch,,809255A,,Cakes to Go,Cakes to Go,,,,,visible,Prepared food and beverage,,,,,,,,65.00,,N,,,,N,,,,,,Y,,,,,,Y,,,,,,Y,,,,,,N,N,N,N,N,N,N,N,N,N,N,N
#5-slice-special-cake-qs,JR5NDOL2URLA7CCWV2I4IKPU,5 Slice Special Cake,QS,,8712394,,Cakes to Go,Cakes to Go,,,,,visible,Prepared food and beverage,,,,,,,,100.00,,N,,,,N,,,,,,Y,,,,,,Y,,,,,,Y,,,,,,N,N,N,N,N,N,N,N,N,N,N,N
#5-slice-special-cake-hs,CHKR3VROLBEAKWUR4WDOCLIW,5 Slice Special Cake,HS,,800238S,,Cakes to Go,Cakes to Go,,,,,visible,Prepared food and beverage,,,,,,,,175.00,,N,,,,N,,,,,,Y,,,,,,Y,,,,,,Y,,,,,,N,N,N,N,N,N,N,N,N,N,N,N
#5-slice-special-cake-fs,LXQ4NBPAMTPKOOIT272NRUOH,5 Slice Special Cake,FS,,3772851,,Cakes to Go,Cakes to Go,,,,,visible,Prepared food and beverage,,,,,,,,240.00,,N,,,,N,,,,,,Y,,,,,,Y,,,,,,Y,,,,,,N,N,N,N,N,N,N,N,N,N,N,N
#6-pack-cupcakes-to-go-,ITTWKAXXJELKCS7BI2HFV3SS,6 Pack Cupcakes to Go,,,C531010,,Cupcakes to Go,Cupcakes to Go,,,,,visible,Prepared food and beverage,,,,,,,Y,23.00,,N,,N,,N,,,,,,Y,,,,,,Y,,,,,,Y,,,,,,N,N,N,N,N,N,N,N,N,N,N,N
#6-pack-french-macaron-to-go-,YJORXAKKIBKVKOTLW5FOT6VW,6 Pack French Macaron to Go,,,M251886,,Cookie Packs to Go,Cookie Packs to Go,,,,,visible,Prepared food and beverage,,,,,,,Y,21.00,,N,,N,,N,,,,,,Y,,,,,,Y,,,,,,Y,,,,,,N,N,N,N,N,N,N,N,N,N,N,N
#6-pack-vegan-cupcakes-to-go-,LT5VFRFTADNOYZEOANNOJC46,6 Pack Vegan Cupcakes to Go,,,H403306,,Cupcakes to Go,Cupcakes to Go,,,,,visible,Prepared food and beverage,,,,,,,Y,25.00,,N,,N,,N,,,,,,Y,,,,,,Y,,,,,,Y,,,,,,N,N,N,N,N,N,N,N,N,N,N,N
#7-layer-bar-,ZJTDNBDRUJ7VXS4GCR4UAAGC,7 Layer Bar,,,283250D,,Brownies to Go,Brownies to Go,,,,,visible,Prepared food and beverage,,,,,,,Y,6.25,,N,,N,,N,,,,,,Y,,,,,,Y,,,,,,Y,,,,,,N,N,N,N,N,N,N,N,N,N,N,N
#7-layer-cake-slice,Z5YRBPGHUMBBZ5A6RKAIY7JZ,7 Layer Cake,Slice,,2748988,,Cakes to Go,Cakes to Go,,,,,visible,Prepared food and beverage,,,,,,,Y,8.95,,N,,N,,N,,,,,,Y,,,,,,Y,,,,,,Y,,,,,,N,N,N,N,N,N,N,N,N,N,N,N
#7-layer-cake-7inch,RCDAEWSGSCVUCXYXEXJVGK2G,7 Layer Cake,7inch,,2763857,,Cakes to Go,Cakes to Go,,,,,visible,Prepared food and beverage,,,,,,,,50.00,,N,,,,N,,,,,,Y,,,,,,Y,,,,,,Y,,,,,,N,N,N,N,N,N,N,N,N,N,N,N
#7-layer-cake-8inch,R35F3OVMMVOEE4FWUCVS533C,7 Layer Cake,8inch,,W060049,,Cakes to Go,Cakes to Go,,,,,visible,Prepared food and beverage,,,,,,,,54.00,,N,,,,N,,,,,,Y,,,,,,Y,,,,,,Y,,,,,,N,N,N,N,N,N,N,N,N,N,N,N
#7-layer-cake-10inch,OKVRP6BNZ36WSOJORODWRACE,7 Layer Cake,10inch,,9275930,,Cakes to Go,Cakes to Go,,,,,visible,Prepared food and beverage,,,,,,,,65.00,,N,,,,N,,,,,,Y,,,,,,Y,,,,,,Y,,,,,,N,N,N,N,N,N,N,N,N,N,N,N
#7-layer-cake-qs,3XGZUE7MFUWP6K2MNRZGDKIB,7 Layer Cake,QS,,791486B,,Cakes to Go,Cakes to Go,,,,,visible,Prepared food and beverage,,,,,,,,100.00,,N,,,,N,,,,,,Y,,,,,,Y,,,,,,Y,,,,,,N,N,N,N,N,N,N,N,N,N,N,N
#7-layer-cake-hs,CMQC6EYBISDMFFLIFLW3QYEY,7 Layer Cake,HS,,8050799,,Cakes to Go,Cakes to Go,,,,,visible,Prepared food and beverage,,,,,,,,175.00,,N,,,,N,,,,,,Y,,,,,,Y,,,,,,Y,,,,,,N,N,N,N,N,N,N,N,N,N,N,N
#7-layer-cake-fs,XAHDRNBIP7XY232OYEUS6W25,7 Layer Cake,FS,,K740592,,Cakes to Go,Cakes to Go,,,,,visible,Prepared food and beverage,,,,,,,,240.00,,N,,,,N,,,,,,Y,,,,,,Y,,,,,,Y,,,,,,N,N,N,N,N,N,N,N,N,N,N,N
#9-pack-cupcakes-to-go-,MRUKLT5HJKF3NIPUH6FGU3T3,9 Pack Cupcakes to Go,,,6215540,,Cupcakes to Go,Cupcakes to Go,,,,,visible,Prepared food and beverage,,,,,,,Y,24.00,,N,,N,,N,,,,,,Y,,,,,,Y,,,,,,Y,,,,,,N,N,N,N,N,N,N,N,N,N,N,N
#affogato-,TLT5Q6VZXQMDB6VOD4C3K4HI,Affogato,,,971128Q,,Cold Drinks to Go,Cold Drinks to Go,,,,,visible,Prepared food and beverage,,,,,,,Y,5.05,,N,,N,,N,,,,,,Y,,,,,,Y,,,,,,Y,,,,,,N,N,N,N,N,N,N,N,N,N,N,N
#almond-croissant-ts--,KPVXAIA36ASEI2F2H7TIJ7PZ,Almond Croissant (TS),,,2185675,,Croissant to Stay,Croissant to Stay,,,,,visible,Prepared food and beverage,,,,,,,Y,5.75,,N,,N,,N,,,,,,Y,,,,,,Y,,,,,,Y,,,,,,N,N,N,N,N,N,N,N,N,N,N,Y
#almond-croissant-to-go-,ODJP7QZFUJP5ESUWXAKJIH52,Almond Croissant to Go,,,V739174,,Croissant to Go,Croissant to Go,,,,,visible,Prepared food and beverage,,,,,,,Y,5.50,,N,,N,,N,,,,,,Y,,,,,,Y,,,,,,Y,,,,,,N,N,N,N,N,N,N,N,N,N,N,N
#americano-ts--,VDSD7HTB5IJY7C5V3KGXTQDE,Americano (TS),,,336133N,,Hot Drinks to Stay,Hot Drinks to Stay,,,,,visible,Prepared food and beverage,,,,,,,Y,4.95,,N,,N,,N,,,,,,Y,,,,,,Y,,,,,,Y,,,,,,N,N,N,N,Y,N,N,N,N,N,N,Y
#americano-to-go-small,7NH7IKV4D75BZR6TFPNNJUR2,Americano to Go,Small,,660752D,,Hot Drinks to Go,Hot Drinks to Go,,,,,visible,Prepared food and beverage,,,,,,,Y,3.21,,N,,N,,N,,,,,,Y,,,,,,Y,,,,,,Y,,,,,,N,N,N,N,Y,N,N,N,N,N,N,N
#americano-to-go-large,56KCOB7CWINJK3YQ52L5WN6J,Americano to Go,Large,,569721X,,Hot Drinks to Go,Hot Drinks to Go,,,,,visible,Prepared food and beverage,,,,,,,,4.21,,N,,,,N,,,,,,Y,,,,,,Y,,,,,,Y,,,,,,N,N,N,N,Y,N,N,N,N,N,N,N
#apple-bread-pudding-ts--,XAJEA66FTLS5TJYIIL4GKXP4,Apple Bread Pudding (TS),,,W215967,,Custard to Stay,Custard to Stay,,,,,visible,Prepared food and beverage,,,,,,,Y,7.75,,N,,N,,N,,,,,,Y,,,,,,Y,,,,,,Y,,,,,,N,N,N,N,N,N,N,N,N,N,N,Y
#apple-bread-pudding-to-go-,JVDS7MHWOVCTU3HQA6TUHSZK,Apple Bread Pudding to Go,,,164783P,,Custard to Go,Custard to Go,,,,,visible,Prepared food and beverage,,,,,,,Y,7.25,,N,,N,,N,,,,,,Y,,,,,,Y,,,,,,Y,,,,,,N,N,N,N,N,N,N,N,N,N,N,N
#apple-cheesecake-slice,K2BHSCES5TDHZVIELINUX3OM,Apple Cheesecake,Slice,,899936X,,Cheesecakes to Go,Cheesecakes to Go,,,,,visible,Prepared food and beverage,,,,,,,Y,8.95,,N,,N,,N,,,,,,Y,,,,,,Y,,,,,,Y,,,,,,N,N,N,N,N,N,N,N,N,N,N,N
#apple-cheesecake-8inch,M456S22J7FNPW7KZYJVIP35S,Apple Cheesecake,8inch,,7896188,,Cheesecakes to Go,Cheesecakes to Go,,,,,visible,Prepared food and beverage,,,,,,,,56.00,,N,,,,N,,,,,,Y,,,,,,Y,,,,,,Y,,,,,,N,N,N,N,N,N,N,N,N,N,N,N
#apple-cheesecake-10inch,N6P3CIZLP6COI7UTNML77NR7,Apple Cheesecake,10inch,,K015353,,Cheesecakes to Go,Cheesecakes to Go,,,,,visible,Prepared food and beverage,,,,,,,,68.00,,N,,,,N,,,,,,Y,,,,,,Y,,,,,,Y,,,,,,N,N,N,N,N,N,N,N,N,N,N,N
#apple-crumb-pie-8inch,2JS4XMPLJNJUTQAZQCOBSFHZ,Apple Crumb Pie,8inch,,R964437,,Pies to Go,Pies to Go,,,,,visible,Prepared food and beverage,,,,,,,Y,29.00,,N,,N,,N,,,,,,Y,,,,,,Y,,,,,,Y,,,,,,N,N,N,N,N,N,N,N,N,N,N,N
#apple-crumb-pie-10inch,ZWHMS3EWDNSP2ZUU5VDXZUBD,Apple Crumb Pie,10inch,,F645959,,Pies to Go,Pies to Go,,,,,visible,Prepared food and beverage,,,,,,,,38.00,,N,,,,N,,,,,,Y,,,,,,Y,,,,,,Y,,,,,,N,N,N,N,N,N,N,N,N,N,N,N
#apple-frangipane-ts--,VJFP5SMXLQHH5TG4ZEIO5YSY,Apple Frangipane (TS),,,636401P,,Tarts to Stay,Tarts to Stay,,,,,visible,Prepared food and beverage,,,,,,,Y,9.50,,N,,N,,N,,,,,,Y,,,,,,Y,,,,,,Y,,,,,,N,N,N,N,N,N,N,N,N,N,N,Y
#apple-frangipane-tart-to-go-4inch,CPDDQCCZIGTWLXW3PCMS3BSI,Apple Frangipane Tart to Go,4inch,,554471V,,Tarts to Go,Tarts to Go,,,,,visible,Prepared food and beverage,,,,,,,Y,8.50,,N,,N,,N,,,,,,Y,,,,,,Y,,,,,,Y,,,,,,N,N,N,N,N,N,N,N,N,N,N,N
#apple-frangipane-tart-to-go-10inch,7A3KOHR5UGG6Z4ZC4L24HUTL,Apple Frangipane Tart to Go,10inch,,4924374,,Tarts to Go,Tarts to Go,,,,,visible,Prepared food and beverage,,,,,,,,38.00,,N,,,,N,,,,,,Y,,,,,,Y,,,,,,Y,,,,,,N,N,N,N,N,N,N,N,N,N,N,N
#apple-pie-ts--,52T3VGUP7GIQJQEVNHHN3EBI,Apple Pie (TS),,,T052748,,Pies to Stay,Pies to Stay,,,,,visible,Prepared food and beverage,,,,,,,Y,9.25,,N,,N,,N,,,,,,Y,,,,,,Y,,,,,,Y,,,,,,N,N,N,N,N,N,N,N,N,N,N,Y
#apple-pie-to-go-slice,IXECCXCVVBPFALJMS4N42HAL,Apple Pie to Go,Slice,,6387042,,Pies to Go,Pies to Go,,,,,visible,Prepared food and beverage,,,,,,,Y,8.75,,N,,N,,N,,,,,,Y,,,,,,Y,,,,,,Y,,,,,,N,N,N,N,N,N,N,N,N,N,N,N
#apple-pie-to-go-8inch,ISP6MNUAPJF6JLGHJ43RNKEB,Apple Pie to Go,8inch,,662476W,,Pies to Go,Pies to Go,,,,,visible,Prepared food and beverage,,,,,,,,29.00,,N,,,,N,,,,,,Y,,,,,,Y,,,,,,Y,,,,,,N,N,N,N,N,N,N,N,N,N,N,N
#apple-pie-to-go-10inch,HBF2V63LQO5WYPOL4MEHEAG2,Apple Pie to Go,10inch,,919074W,,Pies to Go,Pies to Go,,,,,visible,Prepared food and beverage,,,,,,,,38.00,,N,,,,N,,,,,,Y,,,,,,Y,,,,,,Y,,,,,,N,N,N,N,N,N,N,N,N,N,N,N
#apple-spice-muffin-ts--,PHG72TZLWDJPPPBAG4DSC3KO,Apple Spice Muffin (TS),,,1201319,,Muffin to Stay,Muffin to Stay,,,,,visible,Prepared food and beverage,,,,,,,Y,4.50,,N,,N,,N,,,,,,Y,,,,,,Y,,,,,,Y,,,,,,N,N,N,N,N,N,N,N,N,N,N,Y
#apple-spice-muffin-to-go-,QD35M3VHWKSUEYCRXP3BTZW6,Apple Spice Muffin to Go,,,Z117817,,Muffin to Go,Muffin to Go,,,,,visible,Prepared food and beverage,,,,,,,Y,4.25,,N,,N,,N,,,,,,Y,,,,,,Y,,,,,,Y,,,,,,N,N,N,N,N,N,N,N,N,N,N,N
#apple-strudel-ts--,23OB6HMZGDDJBSA2ZNPWUHTN,Apple Strudel (TS),,,P720137,,SEN to Stay,SEN to Stay,,,,,visible,Prepared food and beverage,,,,,,,Y,9.25,,N,,N,,N,,,,,,Y,,,,,,Y,,,,,,Y,,,,,,N,N,N,N,N,N,N,N,N,N,N,Y
#apple-strudel-to-go-slice,PXG2TQITUDNMGWSHS6ICJUKU,Apple Strudel to Go,Slice,,H362235,,SEN to Go,SEN to Go,,,,,visible,Prepared food and beverage,,,,,,,Y,8.75,,N,,N,,N,,,,,,Y,,,,,,Y,,,,,,Y,,,,,,N,N,N,N,N,N,N,N,N,N,N,N
#apple-strudel-to-go-whole,KQI6CGHD6DWMACK5BIQS5GX5,Apple Strudel to Go,Whole,,772195R,,SEN to Go,SEN to Go,,,,,visible,Prepared food and beverage,,,,,,,,29.00,,N,,,,N,,,,,,Y,,,,,,Y,,,,,,Y,,,,,,N,N,N,N,N,N,N,N,N,N,N,N
#apple-turnover-ts--,W2GFOPD6NDLPA62XPNOMLJBA,Apple Turnover (TS),,,5520573,,Danish to Stay,Danish to Stay,,,,,visible,Prepared food and beverage,,,,,,,Y,5.00,,N,,N,,N,,,,,,Y,,,,,,Y,,,,,,Y,,,,,,N,N,N,N,N,N,N,N,N,N,N,Y
#apple-turnover-to-go-,XQDKMB3W675NFMCCM6GUWAZY,Apple Turnover to Go,,,9386795,,Danish to Go,Danish to Go,,,,,visible,Prepared food and beverage,,,,,,,Y,4.95,,N,,N,,N,,,,,,Y,,,,,,Y,,,,,,Y,,,,,,N,N,N,N,N,N,N,N,N,N,N,N
#baklava-ts--,R6YGSYIT76D7VNSILOSD2FJZ,Baklava (TS),,,K519038,,Custard to Stay,Custard to Stay,,,,,visible,Prepared food and beverage,,,,,,,Y,7.75,,N,,N,,N,,,,,,Y,,,,,,Y,,,,,,Y,,,,,,N,N,N,N,N,N,N,N,N,N,N,Y
#baklava-to-go-,NGS4BB43QMQXZYJNIMNKFOO3,Baklava to Go,,,7642757,,Custard to Go,Custard to Go,,,,,visible,Prepared food and beverage,,,,,,,Y,7.25,,N,,N,,N,,,,,,Y,,,,,,Y,,,,,,Y,,,,,,N,N,N,N,N,N,N,N,N,N,N,N
#banana-cheesecake-slice,LTFPXSNDYU4AQMNMKQL2Y2JO,Banana Cheesecake,Slice,,2692378,,Cheesecakes to Go,Cheesecakes to Go,,,,,visible,Prepared food and beverage,,,,,,,Y,8.95,,N,,N,,N,,,,,,Y,,,,,,Y,,,,,,Y,,,,,,N,N,N,N,N,N,N,N,N,N,N,N
#banana-cheesecake-8inch,LYUHOWHTVI3XLGCZ4H2EHDNZ,Banana Cheesecake,8inch,,220236C,,Cheesecakes to Go,Cheesecakes to Go,,,,,visible,Prepared food and beverage,,,,,,,,56.00,,N,,,,N,,,,,,Y,,,,,,Y,,,,,,Y,,,,,,N,N,N,N,N,N,N,N,N,N,N,N
#banana-cheesecake-10inch,M2VOKJ7226TUYHMGSCJNYMA2,Banana Cheesecake,10inch,,405261P,,Cheesecakes to Go,Cheesecakes to Go,,,,,visible,Prepared food and beverage,,,,,,,,68.00,,N,,,,N,,,,,,Y,,,,,,Y,,,,,,Y,,,,,,N,N,N,N,N,N,N,N,N,N,N,N
#banana-cream-pie-ts--,GQPUA2IVAPTETKOIWXLNXHWB,Banana Cream Pie (TS),,,3935461,,Pies to Stay,Pies to Stay,,,,,visible,Prepared food and beverage,,,,,,,Y,9.25,,N,,N,,N,,,,,,Y,,,,,,Y,,,,,,Y,,,,,,N,N,N,N,N,N,N,N,N,N,N,Y
#banana-cream-pie-to-go-slice,LJKMED7B3PCM3LM75DEZMSDX,Banana Cream Pie to Go,Slice,,N831457,,Pies to Go,Pies to Go,,,,,visible,Prepared food and beverage,,,,,,,Y,8.75,,N,,N,,N,,,,,,Y,,,,,,Y,,,,,,Y,,,,,,N,N,N,N,N,N,N,N,N,N,N,N
#banana-cream-pie-to-go-8inch,IZYXYXKPI2N36CR5LTONFTN7,Banana Cream Pie to Go,8inch,,L266916,,Pies to Go,Pies to Go,,,,,visible,Prepared food and beverage,,,,,,,,29.00,,N,,,,N,,,,,,Y,,,,,,Y,,,,,,Y,,,,,,N,N,N,N,N,N,N,N,N,N,N,N
#banana-cream-pie-to-go-10inch,VYQEYK3MW6RHK5MASNJQ776N,Banana Cream Pie to Go,10inch,,358974X,,Pies to Go,Pies to Go,,,,,visible,Prepared food and beverage,,,,,,,,42.00,,N,,,,N,,,,,,Y,,,,,,Y,,,,,,Y,,,,,,N,N,N,N,N,N,N,N,N,N,N,N
#banana-nut-bread-pudding-ts--,XT454OLGGZOVXLDSSRUJJQ6U,Banana Nut Bread Pudding (TS),,,1273703,,Custard to Stay,Custard to Stay,,,,,visible,Prepared food and beverage,,,,,,,Y,7.75,,N,,N,,N,,,,,,Y,,,,,,Y,,,,,,Y,,,,,,N,N,N,N,N,N,N,N,N,N,N,Y
#banana-nut-bread-pudding-to-go-,DLRYLZQ5QAOMDNRSWLAN4KDY,Banana Nut Bread Pudding to Go,,,F194951,,Custard to Go,Custard to Go,,,,,visible,Prepared food and beverage,,,,,,,Y,7.25,,N,,N,,N,,,,,,Y,,,,,,Y,,,,,,Y,,,,,,N,N,N,N,N,N,N,N,N,N,N,N
#banana-nut-muffin-ts--,2DGK56ZE42SGYYTHAQNZ7SM6,Banana Nut Muffin (TS),,,V976126,,Muffin to Stay,Muffin to Stay,,,,,visible,Prepared food and beverage,,,,,,,Y,4.50,,N,,N,,N,,,,,,Y,,,,,,Y,,,,,,Y,,,,,,N,N,N,N,N,N,N,N,N,N,N,Y
#banana-nut-muffin-to-go-,CDDELXWRKTIM4QLKPQ245TY2,Banana Nut Muffin to Go,,,2629068,,Muffin to Go,Muffin to Go,,,,,visible,Prepared food and beverage,,,,,,,Y,4.25,,N,,N,,N,,,,,,Y,,,,,,Y,,,,,,Y,,,,,,N,N,N,N,N,N,N,N,N,N,N,N
#banana-pudding-ts--,GSVLHLVVEE64WVSIIWCTOFYJ,Banana Pudding (TS),,,537014G,,Custard to Stay,Custard to Stay,,,,,visible,Prepared food and beverage,,,,,,,Y,8.75,,N,,N,,N,,,,,,Y,,,,,,Y,,,,,,Y,,,,,,N,N,N,N,N,N,N,N,N,N,N,Y
#banana-pudding-to-go-,VWNSWB7JX5IF3B64EDN3MP6I,Banana Pudding to Go,,,9998045,,Custard to Go,Custard to Go,,,,,visible,Prepared food and beverage,,,,,,,Y,8.25,,N,,N,,N,,,,,,Y,,,,,,Y,,,,,,Y,,,,,,N,N,N,N,N,N,N,N,N,N,N,N
#black-white-cookie-to-go-,FEJJ3HGES2PZC7WTULMEDSKH,Black & White Cookie to Go,,,506402J,,Cookies by the Piece to Go,Cookies by the Piece to Go,,,,,visible,Prepared food and beverage,,,,,,,Y,3.95,,N,,N,,N,,,,,,Y,,,,,,Y,,,,,,Y,,,,,,N,N,N,N,N,N,N,N,N,N,N,N
#black-forest-cake-slice,ZWBQAVOJDNT5IV6B3DU2CL4D,Black Forest Cake,Slice,,N980853,,Cakes to Go,Cakes to Go,,,,,visible,Prepared food and beverage,,,,,,,Y,8.95,,N,,N,,N,,,,,,Y,,,,,,Y,,,,,,Y,,,,,,N,N,N,N,N,N,N,N,N,N,N,N
#black-forest-cake-7inch,GX44B5M4PXG2PY5U6DMPHOZO,Black Forest Cake,7inch,,7781137,,Cakes to Go,Cakes to Go,,,,,visible,Prepared food and beverage,,,,,,,,50.00,,N,,,,N,,,,,,Y,,,,,,Y,,,,,,Y,,,,,,N,N,N,N,N,N,N,N,N,N,N,N
#black-forest-cake-8inch,QZWV66DP4WA43VHXA4CYGQVJ,Black Forest Cake,8inch,,A503287,,Cakes to Go,Cakes to Go,,,,,visible,Prepared food and beverage,,,,,,,,54.00,,N,,,,N,,,,,,Y,,,,,,Y,,,,,,Y,,,,,,N,N,N,N,N,N,N,N,N,N,N,N
#black-forest-cake-10inch,6PBG3GIEF53WGJUXOTOHYSHA,Black Forest Cake,10inch,,1134002,,Cakes to Go,Cakes to Go,,,,,visible,Prepared food and beverage,,,,,,,,65.00,,N,,,,N,,,,,,Y,,,,,,Y,,,,,,Y,,,,,,N,N,N,N,N,N,N,N,N,N,N,N
#black-forest-cake-qs,CD425B4Q6YA6QRIU2R763D7U,Black Forest Cake,QS,,V791977,,Cakes to Go,Cakes to Go,,,,,visible,Prepared food and beverage,,,,,,,,100.00,,N,,,,N,,,,,,Y,,,,,,Y,,,,,,Y,,,,,,N,N,N,N,N,N,N,N,N,N,N,N
#black-forest-cake-hs,LDLGKTJDK4XYWLMTD6XMT3X3,Black Forest Cake,HS,,6956128,,Cakes to Go,Cakes to Go,,,,,visible,Prepared food and beverage,,,,,,,,175.00,,N,,,,N,,,,,,Y,,,,,,Y,,,,,,Y,,,,,,N,N,N,N,N,N,N,N,N,N,N,N
#black-forest-cake-fs,7CXR5PPTEZOMZWORDYWM7N4L,Black Forest Cake,FS,,Q207918,,Cakes to Go,Cakes to Go,,,,,visible,Prepared food and beverage,,,,,,,,240.00,,N,,,,N,,,,,,Y,,,,,,Y,,,,,,Y,,,,,,N,N,N,N,N,N,N,N,N,N,N,N
#black-forest-cupcake-ts--,L6JGAY4KNPYQ4VGZ7MFHBDFD,Black Forest Cupcake (TS),,,218639C,,Cupcakes to Stay,Cupcakes to Stay,,,,,visible,Prepared food and beverage,,,,,,,Y,4.50,,N,,N,,N,,,,,,Y,,,,,,Y,,,,,,Y,,,,,,N,N,N,N,N,N,N,N,N,N,N,Y
#black-forest-cupcake-to-go-,OA7LC3AJR2TUWGD427NTSDVQ,Black Forest Cupcake to Go,,,686637S,,Cupcakes to Go,Cupcakes to Go,,,,,visible,Prepared food and beverage,,,,,,,Y,4.25,,N,,N,,N,,,,,,Y,,,,,,Y,,,,,,Y,,,,,,N,N,N,N,N,N,N,N,N,N,N,N
#blackout-cake-slice,WCDDGHJCFQAZCPIY4SER2RWA,Blackout Cake,Slice,,L907619,,Cakes to Go,Cakes to Go,,,,,visible,Prepared food and beverage,,,,,,,Y,8.95,,N,,N,,N,,,,,,Y,,,,,,Y,,,,,,Y,,,,,,N,N,N,N,N,N,N,N,N,N,N,N
#blackout-cake-7inch,PV6VCASBIHCHOLCONU2UBTPJ,Blackout Cake,7inch,,Q183415,,Cakes to Go,Cakes to Go,,,,,visible,Prepared food and beverage,,,,,,,,50.00,,N,,,,N,,,,,,Y,,,,,,Y,,,,,,Y,,,,,,N,N,N,N,N,N,N,N,N,N,N,N
#blackout-cake-8inch,ZZJVHDB3WOCWXBJKXAKWRS55,Blackout Cake,8inch,,803132C,,Cakes to Go,Cakes to Go,,,,,visible,Prepared food and beverage,,,,,,,,54.00,,N,,,,N,,,,,,Y,,,,,,Y,,,,,,Y,,,,,,N,N,N,N,N,N,N,N,N,N,N,N
#blackout-cake-10inch,3NE4H4VIAOX5RAFNQXJ7CSV5,Blackout Cake,10inch,,946149G,,Cakes to Go,Cakes to Go,,,,,visible,Prepared food and beverage,,,,,,,,65.00,,N,,,,N,,,,,,Y,,,,,,Y,,,,,,Y,,,,,,N,N,N,N,N,N,N,N,N,N,N,N
#blackout-cake-qs,LZNHEFZIUFVAC6ZJP3RO4QIE,Blackout Cake,QS,,E452258,,Cakes to Go,Cakes to Go,,,,,visible,Prepared food and beverage,,,,,,,,100.00,,N,,,,N,,,,,,Y,,,,,,Y,,,,,,Y,,,,,,N,N,N,N,N,N,N,N,N,N,N,N
#blackout-cake-hs,URY6A2MFM6ACJ2G7KQUTRFG5,Blackout Cake,HS,,221688R,,Cakes to Go,Cakes to Go,,,,,visible,Prepared food and beverage,,,,,,,,175.00,,N,,,,N,,,,,,Y,,,,,,Y,,,,,,Y,,,,,,N,N,N,N,N,N,N,N,N,N,N,N
#blackout-cake-fs,U6ZTYWLJTDEKNNUXSES3UDBW,Blackout Cake,FS,,T491480,,Cakes to Go,Cakes to Go,,,,,visible,Prepared food and beverage,,,,,,,,240.00,,N,,,,N,,,,,,Y,,,,,,Y,,,,,,Y,,,,,,N,N,N,N,N,N,N,N,N,N,N,N
#blue-velvet-cake-slice,OKQSOSPG3COQ6LG2TIO7VZBC,Blue Velvet Cake,Slice,,800902B,,Cakes to Go,Cakes to Go,,,,,visible,Prepared food and beverage,,,,,,,Y,8.95,,N,,N,,N,,,,,,Y,,,,,,Y,,,,,,Y,,,,,,N,N,N,N,N,N,N,N,N,N,N,N
#blue-velvet-cake-7inch,WRN4W7NNI6NXGCJUCKUOG2D6,Blue Velvet Cake,7inch,,895157R,,Cakes to Go,Cakes to Go,,,,,visible,Prepared food and beverage,,,,,,,,50.00,,N,,,,N,,,,,,Y,,,,,,Y,,,,,,Y,,,,,,N,N,N,N,N,N,N,N,N,N,N,N
#blue-velvet-cake-8inch,MVGWDSJJKNL5XF3MRBBDHS7M,Blue Velvet Cake,8inch,,5046659,,Cakes to Go,Cakes to Go,,,,,visible,Prepared food and beverage,,,,,,,,54.00,,N,,,,N,,,,,,Y,,,,,,Y,,,,,,Y,,,,,,N,N,N,N,N,N,N,N,N,N,N,N
#blue-velvet-cake-10inch,6FOC2DOBQGQR4LXKJ63DXC5B,Blue Velvet Cake,10inch,,3298131,,Cakes to Go,Cakes to Go,,,,,visible,Prepared food and beverage,,,,,,,,65.00,,N,,,,N,,,,,,Y,,,,,,Y,,,,,,Y,,,,,,N,N,N,N,N,N,N,N,N,N,N,N
#blue-velvet-cake-qs,RVH46XVCYUUKHX6IEKWIOS3B,Blue Velvet Cake,QS,,3597469,,Cakes to Go,Cakes to Go,,,,,visible,Prepared food and beverage,,,,,,,,100.00,,N,,,,N,,,,,,Y,,,,,,Y,,,,,,Y,,,,,,N,N,N,N,N,N,N,N,N,N,N,N
#blue-velvet-cake-hs,KOWX5QT4MUBOYYGT5DDI7JWP,Blue Velvet Cake,HS,,8534513,,Cakes to Go,Cakes to Go,,,,,visible,Prepared food and beverage,,,,,,,,175.00,,N,,,,N,,,,,,Y,,,,,,Y,,,,,,Y,,,,,,N,N,N,N,N,N,N,N,N,N,N,N
#blue-velvet-cake-fs,IAZSROK4NQVYIGUVC5QR3HZS,Blue Velvet Cake,FS,,920656L,,Cakes to Go,Cakes to Go,,,,,visible,Prepared food and beverage,,,,,,,,240.00,,N,,,,N,,,,,,Y,,,,,,Y,,,,,,Y,,,,,,N,N,N,N,N,N,N,N,N,N,N,N
#blueberry-cheesecake-slice,XARCQZDIWFLSIZDOKXB2VPYA,Blueberry Cheesecake,Slice,,8089992,,Cheesecakes to Go,Cheesecakes to Go,,,,,visible,Prepared food and beverage,,,,,,,Y,8.95,,N,,N,,N,,,,,,Y,,,,,,Y,,,,,,Y,,,,,,N,N,N,N,N,N,N,N,N,N,N,N
#blueberry-cheesecake-8inch,RPDCYZ4JAOZ525SPZSQXLHXY,Blueberry Cheesecake,8inch,,421355N,,Cheesecakes to Go,Cheesecakes to Go,,,,,visible,Prepared food and beverage,,,,,,,,56.00,,N,,,,N,,,,,,Y,,,,,,Y,,,,,,Y,,,,,,N,N,N,N,N,N,N,N,N,N,N,N
#blueberry-cheesecake-10inch,KSXBIAZRRIKVB43IJRTDUCWO,Blueberry Cheesecake,10inch,,851001R,,Cheesecakes to Go,Cheesecakes to Go,,,,,visible,Prepared food and beverage,,,,,,,,68.00,,N,,,,N,,,,,,Y,,,,,,Y,,,,,,Y,,,,,,N,N,N,N,N,N,N,N,N,N,N,N
#blueberry-crumb-pie-8inch,SNKGXRIZERLAPMGB7R6ROG74,Blueberry Crumb Pie,8inch,,5312650,,Pies to Go,Pies to Go,,,,,visible,Prepared food and beverage,,,,,,,Y,29.00,,N,,N,,N,,,,,,Y,,,,,,Y,,,,,,Y,,,,,,N,N,N,N,N,N,N,N,N,N,N,N
#blueberry-crumb-pie-10inch,SGYOBJASJMZ6RDGOF6E5JEAK,Blueberry Crumb Pie,10inch,,8954232,,Pies to Go,Pies to Go,,,,,visible,Prepared food and beverage,,,,,,,,38.00,,N,,,,N,,,,,,Y,,,,,,Y,,,,,,Y,,,,,,N,N,N,N,N,N,N,N,N,N,N,N
#blueberry-muffin-ts--,5ST55FGEBH7QFVTIOEXQSXJL,Blueberry Muffin (TS),,,T841991,,Muffin to Stay,Muffin to Stay,,,,,visible,Prepared food and beverage,,,,,,,Y,4.50,,N,,N,,N,,,,,,Y,,,,,,Y,,,,,,Y,,,,,,N,N,N,N,N,N,N,N,N,N,N,Y
#blueberry-muffin-to-go-,O7Z5ZLZS5JW2YPAKT5SNUQT5,Blueberry Muffin to Go,,,P826454,,Muffin to Go,Muffin to Go,,,,,visible,Prepared food and beverage,,,,,,,Y,4.25,,N,,N,,N,,,,,,Y,,,,,,Y,,,,,,Y,,,,,,N,N,N,N,N,N,N,N,N,N,N,N
#blueberry-pie-ts--,3ERNED6DNGCIB6FN2NVVZLRZ,Blueberry Pie (TS),,,5542774,,Pies to Stay,Pies to Stay,,,,,visible,Prepared food and beverage,,,,,,,Y,9.25,,N,,N,,N,,,,,,Y,,,,,,Y,,,,,,Y,,,,,,N,N,N,N,N,N,N,N,N,N,N,Y
#blueberry-pie-to-go-slice,LN4RDW2EX6PTMBM7TNBHD2DB,Blueberry Pie to Go,Slice,,119928W,,Pies to Go,Pies to Go,,,,,visible,Prepared food and beverage,,,,,,,Y,8.75,,N,,N,,N,,,,,,Y,,,,,,Y,,,,,,Y,,,,,,N,N,N,N,N,N,N,N,N,N,N,N
#blueberry-pie-to-go-8inch,IPFBHREJKFTF7JAG2NHRA4BZ,Blueberry Pie to Go,8inch,,583426A,,Pies to Go,Pies to Go,,,,,visible,Prepared food and beverage,,,,,,,,29.00,,N,,,,N,,,,,,Y,,,,,,Y,,,,,,Y,,,,,,N,N,N,N,N,N,N,N,N,N,N,N
#blueberry-pie-to-go-10inch,KQAJTSLWWT5J6CBOJRNS5GCB,Blueberry Pie to Go,10inch,,Q817507,,Pies to Go,Pies to Go,,,,,visible,Prepared food and beverage,,,,,,,,38.00,,N,,,,N,,,,,,Y,,,,,,Y,,,,,,Y,,,,,,N,N,N,N,N,N,N,N,N,N,N,N
#boston-cream-cupcake-ts--,IDXK6GCKLFU43OCMQBD6LIQM,Boston Cream Cupcake (TS),,,R651944,,Cupcakes to Stay,Cupcakes to Stay,,,,,visible,Prepared food and beverage,,,,,,,Y,4.50,,N,,N,,N,,,,,,Y,,,,,,Y,,,,,,Y,,,,,,N,N,N,N,N,N,N,N,N,N,N,Y
#boston-cream-cupcake-to-go-,FIQZPGABWKULYSKK5ECJGSFN,Boston Cream Cupcake to Go,,,R220179,,Cupcakes to Go,Cupcakes to Go,,,,,visible,Prepared food and beverage,,,,,,,Y,4.25,,N,,N,,N,,,,,,Y,,,,,,Y,,,,,,Y,,,,,,N,N,N,N,N,N,N,N,N,N,N,N
#brownie-,USEL5WLV6BFYO4VQFA2OZNQE,Brownie,,,Q600159,,Brownies to Go,Brownies to Go,,,,,visible,Prepared food and beverage,,,,,,,Y,4.50,,N,,N,,N,,,,,,Y,,,,,,Y,,,,,,Y,,,,,,N,N,N,N,N,N,N,N,N,N,N,N
#brownie-w-walnuts-,BADTAPCPAC2OQ7GJMLNXDJCF,Brownie w/ Walnuts,,,5712541,,Brownies to Go,Brownies to Go,,,,,visible,Prepared food and beverage,,,,,,,Y,4.50,,N,,N,,N,,,,,,Y,,,,,,Y,,,,,,Y,,,,,,N,N,N,N,N,N,N,N,N,N,N,N
#burnt-almond-cake-slice,O3JZJZKCNDJVHQ5VHT4CVRWM,Burnt Almond Cake,Slice,,762606J,,Cakes to Go,Cakes to Go,,,,,visible,Prepared food and beverage,,,,,,,Y,8.95,,N,,N,,N,,,,,,Y,,,,,,Y,,,,,,Y,,,,,,N,N,N,N,N,N,N,N,N,N,N,N
#burnt-almond-cake-7inch,VAINJ66ELE43FG63DDRXJO3D,Burnt Almond Cake,7inch,,7100899,,Cakes to Go,Cakes to Go,,,,,visible,Prepared food and beverage,,,,,,,,50.00,,N,,,,N,,,,,,Y,,,,,,Y,,,,,,Y,,,,,,N,N,N,N,N,N,N,N,N,N,N,N
#burnt-almond-cake-8inch,5UYXXC3NEXANHUFA6JEOSI6C,Burnt Almond Cake,8inch,,C238349,,Cakes to Go,Cakes to Go,,,,,visible,Prepared food and beverage,,,,,,,,54.00,,N,,,,N,,,,,,Y,,,,,,Y,,,,,,Y,,,,,,N,N,N,N,N,N,N,N,N,N,N,N
#burnt-almond-cake-10inch,VRCFJ6P2SMHNZMR54AV4OEE2,Burnt Almond Cake,10inch,,192954K,,Cakes to Go,Cakes to Go,,,,,visible,Prepared food and beverage,,,,,,,,65.00,,N,,,,N,,,,,,Y,,,,,,Y,,,,,,Y,,,,,,N,N,N,N,N,N,N,N,N,N,N,N
#burnt-almond-cake-qs,W67WZ6GUQHEHPH7NZIK7MTZB,Burnt Almond Cake,QS,,127903P,,Cakes to Go,Cakes to Go,,,,,visible,Prepared food and beverage,,,,,,,,100.00,,N,,,,N,,,,,,Y,,,,,,Y,,,,,,Y,,,,,,N,N,N,N,N,N,N,N,N,N,N,N
#burnt-almond-cake-hs,HNUZ5FPJLL5YABEK6ATVSVVG,Burnt Almond Cake,HS,,396671L,,Cakes to Go,Cakes to Go,,,,,visible,Prepared food and beverage,,,,,,,,175.00,,N,,,,N,,,,,,Y,,,,,,Y,,,,,,Y,,,,,,N,N,N,N,N,N,N,N,N,N,N,N
#burnt-almond-cake-fs,KX4P4FWXM3JF73SEB54UKQSE,Burnt Almond Cake,FS,,473901V,,Cakes to Go,Cakes to Go,,,,,visible,Prepared food and beverage,,,,,,,,240.00,,N,,,,N,,,,,,Y,,,,,,Y,,,,,,Y,,,,,,N,N,N,N,N,N,N,N,N,N,N,N
#butter-cookie-tray-to-go-small,EJKS5QVLU6CFBGWIZ3A46MOX,Butter Cookie Tray to Go,Small,,402629V,,Cookie Packs to Go,Cookie Packs to Go,,,,,visible,Prepared food and beverage,,,,,,,Y,21.00,,N,,N,,N,,,,,,Y,,,,,,Y,,,,,,Y,,,,,,N,N,N,N,N,N,N,N,N,N,N,N
#butter-cookie-tray-to-go-large,BYYW4COGQ4XIK75AYILQESTI,Butter Cookie Tray to Go,Large,,405605Z,,Cookie Packs to Go,Cookie Packs to Go,,,,,visible,Prepared food and beverage,,,,,,,,38.00,,N,,,,N,,,,,,Y,,,,,,Y,,,,,,Y,,,,,,N,N,N,N,N,N,N,N,N,N,N,N
#butter-cookies-to-go-,QUTWM7TUCPAVPAW5LUXGD54J,Butter Cookies to Go,,Pound 1.000,714955J,,Cookies by the Pound to Go,Cookies by the Pound to Go,,,,,visible,Prepared food and beverage,,,,,,,Y,24.00,,N,,N,,N,,,,,,Y,,,,,,Y,,,,,,Y,,,,,,N,N,N,N,N,N,N,N,N,N,N,N
#caf-mocha-ts--,BEFOK4OBT65ISYIMHNS32JFA,Café Mocha (TS),,,480458D,,Hot Drinks to Stay,Hot Drinks to Stay,,,,,visible,Prepared food and beverage,,,,,,,Y,6.50,,N,,N,,N,,,,,,Y,,,,,,Y,,,,,,Y,,,,,,N,N,N,N,Y,N,N,N,N,N,N,Y
#caf-mocha-to-go-small,IJBNQ2PNSVTNBL77DJESQCYY,Café Mocha to Go,Small,,439080Y,,Hot Drinks to Go,Hot Drinks to Go,,,,,visible,Prepared food and beverage,,,,,,,Y,5.05,,N,,N,,N,,,,,,Y,,,,,,Y,,,,,,Y,,,,,,N,N,N,N,Y,N,N,N,N,N,N,N
#caf-mocha-to-go-large,MHIZM4EKKAJTF2PLSKO6CN6M,Café Mocha to Go,Large,,791523M,,Hot Drinks to Go,Hot Drinks to Go,,,,,visible,Prepared food and beverage,,,,,,,,6.05,,N,,,,N,,,,,,Y,,,,,,Y,,,,,,Y,,,,,,N,N,N,N,Y,N,N,N,N,N,N,N
#caf-au-lait-ts--,YDW4REDUIPG2EIYC2DN6MHSD,Café au Lait (TS),,,525924T,,Hot Drinks to Stay,Hot Drinks to Stay,,,,,visible,Prepared food and beverage,,,,,,,Y,4.95,,N,,N,,N,,,,,,Y,,,,,,Y,,,,,,Y,,,,,,N,N,N,N,Y,N,N,N,N,N,N,Y
#caf-au-lait-to-go-small,TUXYR5UZLC6OTRYLEQ6CIAWQ,Café au Lait to Go,Small,,2705801,,Hot Drinks to Go,Hot Drinks to Go,,,,,visible,Prepared food and beverage,,,,,,,Y,3.44,,N,,N,,N,,,,,,Y,,,,,,Y,,,,,,Y,,,,,,N,N,N,N,Y,N,N,N,N,N,N,N
#caf-au-lait-to-go-large,MHMHSMX4IT6JWBJ3TX55UHQ6,Café au Lait to Go,Large,,T600001,,Hot Drinks to Go,Hot Drinks to Go,,,,,visible,Prepared food and beverage,,,,,,,,4.19,,N,,,,N,,,,,,Y,,,,,,Y,,,,,,Y,,,,,,N,N,N,N,Y,N,N,N,N,N,N,N
#cake-cutter-,34OV6ASSPZ4ECPPWL3SB7OJX,Cake Cutter,,,681139Y,,Add-ons to Go,Add-ons to Go,,,,,visible,Prepared food and beverage,,,,,,,Y,2.50,,N,,N,,N,,,,,,Y,,,,,,Y,,,,,,Y,,,,,,N,N,N,N,N,N,N,N,N,N,N,N
#candles-,MSY2SVIHX5BKDM4QS7M3YIQY,Candles,,,B652105,,Add-ons to Go,Add-ons to Go,,,,,visible,Prepared food and beverage,,,,,,,Y,3.00,,N,,N,,N,,,,,,Y,,,,,,Y,,,,,,Y,,,,,,N,N,N,N,N,N,N,N,N,N,N,N
#cannoli-ts--,C55FG7ZLDMYMFMOSEGRI3PET,Cannoli (TS),,,218921W,,Cookies by the Piece to Stay,Cookies by the Piece to Stay,,,,,visible,Prepared food and beverage,,,,,,,Y,6.50,,N,,N,,N,,,,,,Y,,,,,,Y,,,,,,Y,,,,,,N,N,N,N,N,N,N,N,N,N,N,Y
#cannoli-to-go-,BE6RGHF3JLNGE3BTEUJVVUOK,Cannoli to Go,,,2266263,,Cookies by the Piece to Go,Cookies by the Piece to Go,,,,,visible,Prepared food and beverage,,,,,,,Y,5.75,,N,,N,,N,,,,,,Y,,,,,,Y,,,,,,Y,,,,,,N,N,N,N,N,N,N,N,N,N,N,N
#cannookie-to-go-,P7LHP2YBDEJZMDAYPWE2AAIK,Cannookie to Go,,,7080810,,Cookies by the Piece to Go,Cookies by the Piece to Go,,,,,visible,Prepared food and beverage,,,,,,,Y,5.95,,N,,N,,N,,,,,,Y,,,,,,Y,,,,,,Y,,,,,,N,N,N,N,N,N,N,N,N,N,N,N
#cappuccino-ts--,SQLLZ42P5VQSFKF2QMXLN3YM,Cappuccino (TS),,,A377735,,Hot Drinks to Stay,Hot Drinks to Stay,,,,,visible,Prepared food and beverage,,,,,,,Y,5.75,,N,,N,,N,,,,,,Y,,,,,,Y,,,,,,Y,,,,,,N,N,N,N,Y,N,N,N,N,N,N,Y
#cappuccino-to-go-small,YCZR6AWZNRFDERNY26EALN2E,Cappuccino to Go,Small,,740049G,,Hot Drinks to Go,Hot Drinks to Go,,,,,visible,Prepared food and beverage,,,,,,,Y,4.36,,N,,N,,N,,,,,,Y,,,,,,Y,,,,,,Y,,,,,,N,N,N,N,Y,N,N,N,N,N,N,N
#cappuccino-to-go-large,BOUSUQW5D3MNMGEUEEG66PP3,Cappuccino to Go,Large,,8017925,,Hot Drinks to Go,Hot Drinks to Go,,,,,visible,Prepared food and beverage,,,,,,,,5.36,,N,,,,N,,,,,,Y,,,,,,Y,,,,,,Y,,,,,,N,N,N,N,Y,N,N,N,N,N,N,N
#caramel-cake-pop-ts--,6D3YTBLQ6AWHQCD7PZEAVXJK,Caramel Cake Pop (TS),,,R227228,,Cupcakes to Stay,Cupcakes to Stay,,,,,visible,Prepared food and beverage,,,,,,,Y,3.75,,N,,N,,N,,,,,,Y,,,,,,Y,,,,,,Y,,,,,,N,N,N,N,N,N,N,N,N,N,N,Y
#caramel-cake-pop-to-go-,52ZTCHOGXTDNPIKPNIO4XKDF,Caramel Cake Pop to Go,,,Y514612,,Cupcakes to Go,Cupcakes to Go,,,,,visible,Prepared food and beverage,,,,,,,Y,2.95,,N,,N,,N,,,,,,Y,,,,,,Y,,,,,,Y,,,,,,N,N,N,N,N,N,N,N,N,N,N,N
#caramel-cheesecake-slice,BUEAH6R3MI7XGMFPXTUVIURK,Caramel Cheesecake,Slice,,494291T,,Cheesecakes to Go,Cheesecakes to Go,,,,,visible,Prepared food and beverage,,,,,,,Y,8.95,,N,,N,,N,,,,,,Y,,,,,,Y,,,,,,Y,,,,,,N,N,N,N,N,N,N,N,N,N,N,N
#caramel-cheesecake-8inch,B3VSLOFPLCKXJH5H6FAXVZLU,Caramel Cheesecake,8inch,,868908Y,,Cheesecakes to Go,Cheesecakes to Go,,,,,visible,Prepared food and beverage,,,,,,,,56.00,,N,,,,N,,,,,,Y,,,,,,Y,,,,,,Y,,,,,,N,N,N,N,N,N,N,N,N,N,N,N
#caramel-cheesecake-10inch,LCYF4HWDGWPJ74IISLNX5BYE,Caramel Cheesecake,10inch,,5997200,,Cheesecakes to Go,Cheesecakes to Go,,,,,visible,Prepared food and beverage,,,,,,,,68.00,,N,,,,N,,,,,,Y,,,,,,Y,,,,,,Y,,,,,,N,N,N,N,N,N,N,N,N,N,N,N
#caramel-pound-cake-ts--,U4W6IIO3LBZTLWPDDWM3FKFN,Caramel Pound Cake (TS),,,S730322,,Pound Cake to Stay,Pound Cake to Stay,,,,,visible,Prepared food and beverage,,,,,,,Y,3.75,,N,,N,,N,,,,,,Y,,,,,,Y,,,,,,Y,,,,,,N,N,N,N,N,N,N,N,N,N,N,Y
#caramel-pound-cake-to-go-slice,X2WKCMR4YXA7KMHAGCFGUAZU,Caramel Pound Cake to Go,Slice,,J418242,,Pound Cake to Go,Pound Cake to Go,,,,,visible,Prepared food and beverage,,,,,,,Y,3.75,,N,,N,,N,,,,,,Y,,,,,,Y,,,,,,Y,,,,,,N,N,N,N,N,N,N,N,N,N,N,N
#caramel-pound-cake-to-go-loaf,AQWLPXOZHH7SC35XSY5R3CTT,Caramel Pound Cake to Go,Loaf,,P841518,,Pound Cake to Go,Pound Cake to Go,,,,,visible,Prepared food and beverage,,,,,,,,6.50,,N,,,,N,,,,,,Y,,,,,,Y,,,,,,Y,,,,,,N,N,N,N,N,N,N,N,N,N,N,N
#carrot-cake-slice,HMZ6JJF5B4WAK2KCQ2NA3H2Y,Carrot Cake,Slice,,622057G,,Cakes to Go,Cakes to Go,,,,,visible,Prepared food and beverage,,,,,,,Y,8.95,,N,,N,,N,,,,,,Y,,,,,,Y,,,,,,Y,,,,,,N,N,N,N,N,N,N,N,N,N,N,N
#carrot-cake-7inch,VY3ZPTYRWF3GHBUXHFCYX27C,Carrot Cake,7inch,,105245F,,Cakes to Go,Cakes to Go,,,,,visible,Prepared food and beverage,,,,,,,,50.00,,N,,,,N,,,,,,Y,,,,,,Y,,,,,,Y,,,,,,N,N,N,N,N,N,N,N,N,N,N,N
#carrot-cake-8inch,XVJQVY6XLIAFC5Z2NIE4K7O5,Carrot Cake,8inch,,693251T,,Cakes to Go,Cakes to Go,,,,,visible,Prepared food and beverage,,,,,,,,54.00,,N,,,,N,,,,,,Y,,,,,,Y,,,,,,Y,,,,,,N,N,N,N,N,N,N,N,N,N,N,N
#carrot-cake-10inch,WCDRXGBFBVWWQ6B43KBBCDAS,Carrot Cake,10inch,,D869021,,Cakes to Go,Cakes to Go,,,,,visible,Prepared food and beverage,,,,,,,,65.00,,N,,,,N,,,,,,Y,,,,,,Y,,,,,,Y,,,,,,N,N,N,N,N,N,N,N,N,N,N,N
#carrot-cake-qs,3DQSR2CUX5RQYOLBNP6SSM7E,Carrot Cake,QS,,229645M,,Cakes to Go,Cakes to Go,,,,,visible,Prepared food and beverage,,,,,,,,100.00,,N,,,,N,,,,,,Y,,,,,,Y,,,,,,Y,,,,,,N,N,N,N,N,N,N,N,N,N,N,N
#carrot-cake-hs,7ULVCMZPQFQCSDG5FVWBO4YT,Carrot Cake,HS,,888793N,,Cakes to Go,Cakes to Go,,,,,visible,Prepared food and beverage,,,,,,,,175.00,,N,,,,N,,,,,,Y,,,,,,Y,,,,,,Y,,,,,,N,N,N,N,N,N,N,N,N,N,N,N
#carrot-cake-fs,WSUNCTDEJFYFENG6CPXVVSYP,Carrot Cake,FS,,3869674,,Cakes to Go,Cakes to Go,,,,,visible,Prepared food and beverage,,,,,,,,240.00,,N,,,,N,,,,,,Y,,,,,,Y,,,,,,Y,,,,,,N,N,N,N,N,N,N,N,N,N,N,N
#carrot-cheesecake-slice,3F7KLLIAP4XWOEHLJRM3ZZ5L,Carrot Cheesecake,Slice,,3896033,,Cheesecakes to Go,Cheesecakes to Go,,,,,visible,Prepared food and beverage,,,,,,,Y,8.95,,N,,N,,N,,,,,,Y,,,,,,Y,,,,,,Y,,,,,,N,N,N,N,N,N,N,N,N,N,N,N
#carrot-cheesecake-8inch,B64YDP6XJNTTGZATJMJDHCMJ,Carrot Cheesecake,8inch,,283187V,,Cheesecakes to Go,Cheesecakes to Go,,,,,visible,Prepared food and beverage,,,,,,,,56.00,,N,,,,N,,,,,,Y,,,,,,Y,,,,,,Y,,,,,,N,N,N,N,N,N,N,N,N,N,N,N
#carrot-cheesecake-10inch,CSXAFPC26HOOS7XNCATTZI2Q,Carrot Cheesecake,10inch,,T543457,,Cheesecakes to Go,Cheesecakes to Go,,,,,visible,Prepared food and beverage,,,,,,,,68.00,,N,,,,N,,,,,,Y,,,,,,Y,,,,,,Y,,,,,,N,N,N,N,N,N,N,N,N,N,N,N
#chai-latte-ts--,ZC66VIMZMMH7LCWJYJA7FDAK,Chai Latte (TS),,,9718693,,Hot Drinks to Stay,Hot Drinks to Stay,,,,,visible,Prepared food and beverage,,,,,,,Y,6.50,,N,,N,,N,,,,,,Y,,,,,,Y,,,,,,Y,,,,,,N,N,N,N,Y,N,N,N,N,N,N,Y
#chai-latte-to-go-small,4HZU3CJPRPXBY52GZY6ACXK2,Chai Latte to Go,Small,,E740156,,Hot Drinks to Go,Hot Drinks to Go,,,,,visible,Prepared food and beverage,,,,,,,Y,5.05,,N,,N,,N,,,,,,Y,,,,,,Y,,,,,,Y,,,,,,N,N,N,N,Y,N,N,N,N,N,N,N
#chai-latte-to-go-large,UTNBGZIXDBZQAB5N7JTGGEMJ,Chai Latte to Go,Large,,6341264,,Hot Drinks to Go,Hot Drinks to Go,,,,,visible,Prepared food and beverage,,,,,,,,6.05,,N,,,,N,,,,,,Y,,,,,,Y,,,,,,Y,,,,,,N,N,N,N,Y,N,N,N,N,N,N,N
#cheese-danish-ts--,D5G4Y6BYATIFPOFL4HGZB363,Cheese Danish (TS),,,633930R,,Danish to Stay,Danish to Stay,,,,,visible,Prepared food and beverage,,,,,,,Y,5.00,,N,,N,,N,,,,,,Y,,,,,,Y,,,,,,Y,,,,,,N,N,N,N,N,N,N,N,N,N,N,Y
#cheese-danish-to-go-,24XMPQDDCGS3VC3HVV4F6SCD,Cheese Danish to Go,,,960290D,,Danish to Go,Danish to Go,,,,,visible,Prepared food and beverage,,,,,,,Y,4.95,,N,,N,,N,,,,,,Y,,,,,,Y,,,,,,Y,,,,,,N,N,N,N,N,N,N,N,N,N,N,N
#cherry-cheesecake-slice,FFQUBJGRE4CVCVEBNXEXV24F,Cherry Cheesecake,Slice,,X229870,,Cheesecakes to Go,Cheesecakes to Go,,,,,visible,Prepared food and beverage,,,,,,,Y,8.95,,N,,N,,N,,,,,,Y,,,,,,Y,,,,,,Y,,,,,,N,N,N,N,N,N,N,N,N,N,N,N
#cherry-cheesecake-8inch,Q75AXP3WWSMTWOL7SP4QSVZQ,Cherry Cheesecake,8inch,,X604116,,Cheesecakes to Go,Cheesecakes to Go,,,,,visible,Prepared food and beverage,,,,,,,,56.00,,N,,,,N,,,,,,Y,,,,,,Y,,,,,,Y,,,,,,N,N,N,N,N,N,N,N,N,N,N,N
#cherry-cheesecake-10inch,MXC5YMEAF2VPM2YLUSTSQQQQ,Cherry Cheesecake,10inch,,753855J,,Cheesecakes to Go,Cheesecakes to Go,,,,,visible,Prepared food and beverage,,,,,,,,68.00,,N,,,,N,,,,,,Y,,,,,,Y,,,,,,Y,,,,,,N,N,N,N,N,N,N,N,N,N,N,N
#cherry-crumb-pie-8inch,LTOJRU3KWFR74GBHJHS7T5GW,Cherry Crumb Pie,8inch,,387789H,,Pies to Go,Pies to Go,,,,,visible,Prepared food and beverage,,,,,,,Y,29.00,,N,,N,,N,,,,,,Y,,,,,,Y,,,,,,Y,,,,,,N,N,N,N,N,N,N,N,N,N,N,N
#cherry-crumb-pie-10inch,PCHDDQUY4LGT2CGIEA4IYG3X,Cherry Crumb Pie,10inch,,8407542,,Pies to Go,Pies to Go,,,,,visible,Prepared food and beverage,,,,,,,,38.00,,N,,,,N,,,,,,Y,,,,,,Y,,,,,,Y,,,,,,N,N,N,N,N,N,N,N,N,N,N,N
#cherry-danish-ts--,XPYMI7Q3STYMDQTWBZOTHOQI,Cherry Danish (TS),,,275921Q,,Danish to Stay,Danish to Stay,,,,,visible,Prepared food and beverage,,,,,,,Y,5.00,,N,,N,,N,,,,,,Y,,,,,,Y,,,,,,Y,,,,,,N,N,N,N,N,N,N,N,N,N,N,Y
#cherry-danish-to-go-,ACWVB35WVSVDVLJCMOUJYGDH,Cherry Danish to Go,,,B986897,,Danish to Go,Danish to Go,,,,,visible,Prepared food and beverage,,,,,,,Y,4.95,,N,,N,,N,,,,,,Y,,,,,,Y,,,,,,Y,,,,,,N,N,N,N,N,N,N,N,N,N,N,N
#cherry-pie-ts--,YY7GLCRTAHLITRCDN6UMICUW,Cherry Pie (TS),,,4393836,,Pies to Stay,Pies to Stay,,,,,visible,Prepared food and beverage,,,,,,,Y,9.25,,N,,N,,N,,,,,,Y,,,,,,Y,,,,,,Y,,,,,,N,N,N,N,N,N,N,N,N,N,N,Y
#cherry-pie-to-go-slice,4LJ3QPKGHPUOPPDHSGTWHPUA,Cherry Pie to Go,Slice,,2175243,,Pies to Go,Pies to Go,,,,,visible,Prepared food and beverage,,,,,,,Y,8.75,,N,,N,,N,,,,,,Y,,,,,,Y,,,,,,Y,,,,,,N,N,N,N,N,N,N,N,N,N,N,N
#cherry-pie-to-go-8inch,KLCSDWHHECFVOF7AOQM2KLPJ,Cherry Pie to Go,8inch,,492251Y,,Pies to Go,Pies to Go,,,,,visible,Prepared food and beverage,,,,,,,,29.00,,N,,,,N,,,,,,Y,,,,,,Y,,,,,,Y,,,,,,N,N,N,N,N,N,N,N,N,N,N,N
#cherry-pie-to-go-10inch,QNBTP5QZZUFFQRGLQIZNCNPK,Cherry Pie to Go,10inch,,3335088,,Pies to Go,Pies to Go,,,,,visible,Prepared food and beverage,,,,,,,,38.00,,N,,,,N,,,,,,Y,,,,,,Y,,,,,,Y,,,,,,N,N,N,N,N,N,N,N,N,N,N,N
#chocolate-almond-croissant-ts--,V5EBX4B3XNNYMJFXMBZFQ3YY,Chocolate Almond Croissant (TS),,,2712928,,Croissant to Stay,Croissant to Stay,,,,,visible,Prepared food and beverage,,,,,,,Y,5.95,,N,,N,,N,,,,,,Y,,,,,,Y,,,,,,Y,,,,,,N,N,N,N,N,N,N,N,N,N,N,Y
#chocolate-almond-croissant-to-go-,LWGY33X73EXCP7YIOGC4OX57,Chocolate Almond Croissant to Go,,,7566771,,Croissant to Go,Croissant to Go,,,,,visible,Prepared food and beverage,,,,,,,Y,5.75,,N,,N,,N,,,,,,Y,,,,,,Y,,,,,,Y,,,,,,N,N,N,N,N,N,N,N,N,N,N,N
#chocolate-babka-,TSVVLQEE3QPOSHX3REVELMM4,Chocolate Babka,,,6249411,,Pound Cake to Go,Pound Cake to Go,,,,,visible,Prepared food and beverage,,,,,,,Y,16.00,,N,,N,,N,,,,,,Y,,,,,,Y,,,,,,Y,,,,,,N,N,N,N,N,N,N,N,N,N,N,N
#chocolate-cake-pop-ts--,XT3NB7SUU6APFDWKZBGIJ55M,Chocolate Cake Pop (TS),,,822263J,,Cupcakes to Stay,Cupcakes to Stay,,,,,visible,Prepared food and beverage,,,,,,,Y,3.75,,N,,N,,N,,,,,,Y,,,,,,Y,,,,,,Y,,,,,,N,N,N,N,N,N,N,N,N,N,N,Y
#chocolate-cake-pop-to-go-,IUF37AYOOFF3LFM77WSQPYBX,Chocolate Cake Pop to Go,,,Y599437,,Cupcakes to Go,Cupcakes to Go,,,,,visible,Prepared food and beverage,,,,,,,Y,2.95,,N,,N,,N,,,,,,Y,,,,,,Y,,,,,,Y,,,,,,N,N,N,N,N,N,N,N,N,N,N,N
#chocolate-cannoli-ts--,P6I37GVDH64BXD6GHFW45EI6,Chocolate Cannoli (TS),,,V408668,,Cookies by the Piece to Stay,Cookies by the Piece to Stay,,,,,visible,Prepared food and beverage,,,,,,,Y,6.50,,N,,N,,N,,,,,,Y,,,,,,Y,,,,,,Y,,,,,,N,N,N,N,N,N,N,N,N,N,N,Y
#chocolate-cannoli-to-go-,CCB65KPMCSLRHRJ335NYPVIH,Chocolate Cannoli to Go,,,800783X,,Cookies by the Piece to Go,Cookies by the Piece to Go,,,,,visible,Prepared food and beverage,,,,,,,Y,5.75,,N,,N,,N,,,,,,Y,,,,,,Y,,,,,,Y,,,,,,N,N,N,N,N,N,N,N,N,N,N,N
#chocolate-cheesecake-slice,33T66DBRS2Y5VCCSLXGLQW7K,Chocolate Cheesecake,Slice,,E457877,,Cheesecakes to Go,Cheesecakes to Go,,,,,visible,Prepared food and beverage,,,,,,,Y,8.95,,N,,N,,N,,,,,,Y,,,,,,Y,,,,,,Y,,,,,,N,N,N,N,N,N,N,N,N,N,N,N
#chocolate-cheesecake-8inch,R6K7GHZW3SWIVINUVT64G7IW,Chocolate Cheesecake,8inch,,9996184,,Cheesecakes to Go,Cheesecakes to Go,,,,,visible,Prepared food and beverage,,,,,,,,56.00,,N,,,,N,,,,,,Y,,,,,,Y,,,,,,Y,,,,,,N,N,N,N,N,N,N,N,N,N,N,N
#chocolate-cheesecake-10inch,FVGMJ7W3WCMUKFW6O6SZIWD7,Chocolate Cheesecake,10inch,,V069121,,Cheesecakes to Go,Cheesecakes to Go,,,,,visible,Prepared food and beverage,,,,,,,,68.00,,N,,,,N,,,,,,Y,,,,,,Y,,,,,,Y,,,,,,N,N,N,N,N,N,N,N,N,N,N,N
#chocolate-chip-cookie-ts--,7GP27FKHAN2CFVBYGAKFI3UJ,Chocolate Chip Cookie (TS),,,2595590,,Cookies by the Piece to Stay,Cookies by the Piece to Stay,,,,,visible,Prepared food and beverage,,,,,,,Y,4.75,,N,,N,,N,,,,,,Y,,,,,,Y,,,,,,Y,,,,,,N,N,N,N,N,N,N,N,N,N,N,Y
#chocolate-chip-cookie-to-go-,UXIRZQI2YQ3DRGTNGTOD4T26,Chocolate Chip Cookie to Go,,,D756846,,Cookies by the Piece to Go,Cookies by the Piece to Go,,,,,visible,Prepared food and beverage,,,,,,,Y,4.50,,N,,N,,N,,,,,,Y,,,,,,Y,,,,,,Y,,,,,,N,N,N,N,N,N,N,N,N,N,N,N
#chocolate-chip-muffin-ts--,GCCWFBLVYC3EKHFNYBDNQB2K,Chocolate Chip Muffin (TS),,,E519823,,Muffin to Stay,Muffin to Stay,,,,,visible,Prepared food and beverage,,,,,,,Y,4.50,,N,,N,,N,,,,,,Y,,,,,,Y,,,,,,Y,,,,,,N,N,N,N,N,N,N,N,N,N,N,Y
#chocolate-chip-muffin-to-go-,NNLBSQRMOECOHE7PRBSEJAWF,Chocolate Chip Muffin to Go,,,9459843,,Muffin to Go,Muffin to Go,,,,,visible,Prepared food and beverage,,,,,,,Y,4.25,,N,,N,,N,,,,,,Y,,,,,,Y,,,,,,Y,,,,,,N,N,N,N,N,N,N,N,N,N,N,N
#chocolate-cream-pie-ts--,FGRLELDB4GPX5EGKM6J4TFVM,Chocolate Cream Pie (TS),,,P598869,,Pies to Stay,Pies to Stay,,,,,visible,Prepared food and beverage,,,,,,,Y,9.25,,N,,N,,N,,,,,,Y,,,,,,Y,,,,,,Y,,,,,,N,N,N,N,N,N,N,N,N,N,N,Y
#chocolate-cream-pie-to-go-slice,THKRXOLOXAMT2P6SRC7IDDOI,Chocolate Cream Pie to Go,Slice,,S428733,,Pies to Go,Pies to Go,,,,,visible,Prepared food and beverage,,,,,,,Y,8.75,,N,,N,,N,,,,,,Y,,,,,,Y,,,,,,Y,,,,,,N,N,N,N,N,N,N,N,N,N,N,N
#chocolate-cream-pie-to-go-8inch,4XD6R4FL3HYNEPCKUC7SLJ2P,Chocolate Cream Pie to Go,8inch,,6750994,,Pies to Go,Pies to Go,,,,,visible,Prepared food and beverage,,,,,,,,29.00,,N,,,,N,,,,,,Y,,,,,,Y,,,,,,Y,,,,,,N,N,N,N,N,N,N,N,N,N,N,N
#chocolate-cream-pie-to-go-10inch,FREDT3PXIHLA6I6VDI76YHLD,Chocolate Cream Pie to Go,10inch,,K664381,,Pies to Go,Pies to Go,,,,,visible,Prepared food and beverage,,,,,,,,42.00,,N,,,,N,,,,,,Y,,,,,,Y,,,,,,Y,,,,,,N,N,N,N,N,N,N,N,N,N,N,N
#chocolate-croissant-ts--,ONBIQ4JOZLPJOL7K5U2MCYFG,Chocolate Croissant (TS),,,V467451,,Croissant to Stay,Croissant to Stay,,,,,visible,Prepared food and beverage,,,,,,,Y,5.00,,N,,N,,N,,,,,,Y,,,,,,Y,,,,,,Y,,,,,,N,N,N,N,N,N,N,N,N,N,N,Y
#chocolate-croissant-to-go-,QMH2U4N6OH46ICT7RDETNSGN,Chocolate Croissant to Go,,,X534768,,Croissant to Go,Croissant to Go,,,,,visible,Prepared food and beverage,,,,,,,Y,4.75,,N,,N,,N,,,,,,Y,,,,,,Y,,,,,,Y,,,,,,N,N,N,N,N,N,N,N,N,N,N,N
#chocolate-cupcake-ts--,2CCMKDD66SXRCQLXWP5RRLOO,Chocolate Cupcake (TS),,,1512341,,Cupcakes to Stay,Cupcakes to Stay,,,,,visible,Prepared food and beverage,,,,,,,Y,4.50,,N,,N,,N,,,,,,Y,,,,,,Y,,,,,,Y,,,,,,N,N,N,N,N,N,N,N,N,N,N,Y
#chocolate-cupcake-to-go-,6JBCRQ6SAQKP746KSU5H2MZB,Chocolate Cupcake to Go,,,R047650,,Cupcakes to Go,Cupcakes to Go,,,,,visible,Prepared food and beverage,,,,,,,Y,4.25,,N,,N,,N,,,,,,Y,,,,,,Y,,,,,,Y,,,,,,N,N,N,N,N,N,N,N,N,N,N,N
#chocolate-eclair-ts--,LTWCHVLZBLQDRK5DZN35JIC6,Chocolate Eclair (TS),,,471900S,,SEN to Stay,SEN to Stay,,,,,visible,Prepared food and beverage,,,,,,,Y,6.95,,N,,N,,N,,,,,,Y,,,,,,Y,,,,,,Y,,,,,,N,N,N,N,N,N,N,N,N,N,N,Y
#chocolate-eclair-to-go-,GZNQAMYOTI6WA2U6K4EIJP4D,Chocolate Eclair to Go,,,251128K,,SEN to Go,SEN to Go,,,,,visible,Prepared food and beverage,,,,,,,Y,6.50,,N,,N,,N,,,,,,Y,,,,,,Y,,,,,,Y,,,,,,N,N,N,N,N,N,N,N,N,N,N,N
#chocolate-fudge-cake-slice,B2UH2ZRTEH2OQPGRLQYRWMSZ,Chocolate Fudge Cake,Slice,,2237315,,Cakes to Go,Cakes to Go,,,,,visible,Prepared food and beverage,,,,,,,Y,8.95,,N,,N,,N,,,,,,Y,,,,,,Y,,,,,,Y,,,,,,N,N,N,N,N,N,N,N,N,N,N,N
#chocolate-fudge-cake-7inch,7UDQD6HWNVLFRQS2EZULIK2S,Chocolate Fudge Cake,7inch,,2278419,,Cakes to Go,Cakes to Go,,,,,visible,Prepared food and beverage,,,,,,,,50.00,,N,,,,N,,,,,,Y,,,,,,Y,,,,,,Y,,,,,,N,N,N,N,N,N,N,N,N,N,N,N
#chocolate-fudge-cake-8inch,Y7NBYKBNF6SGVZPGUM7PTQ5B,Chocolate Fudge Cake,8inch,,M908897,,Cakes to Go,Cakes to Go,,,,,visible,Prepared food and beverage,,,,,,,,54.00,,N,,,,N,,,,,,Y,,,,,,Y,,,,,,Y,,,,,,N,N,N,N,N,N,N,N,N,N,N,N
#chocolate-fudge-cake-10inch,WT34TTBZWJJ3SIZAZTYSXZ3F,Chocolate Fudge Cake,10inch,,Y315351,,Cakes to Go,Cakes to Go,,,,,visible,Prepared food and beverage,,,,,,,,65.00,,N,,,,N,,,,,,Y,,,,,,Y,,,,,,Y,,,,,,N,N,N,N,N,N,N,N,N,N,N,N
#chocolate-fudge-cake-qs,KYF2MJVSGGZZZIK5KOKPOAJW,Chocolate Fudge Cake,QS,,138749Y,,Cakes to Go,Cakes to Go,,,,,visible,Prepared food and beverage,,,,,,,,100.00,,N,,,,N,,,,,,Y,,,,,,Y,,,,,,Y,,,,,,N,N,N,N,N,N,N,N,N,N,N,N
#chocolate-fudge-cake-hs,XIEUQYFSE6FSVK75LJZ56KPO,Chocolate Fudge Cake,HS,,A019367,,Cakes to Go,Cakes to Go,,,,,visible,Prepared food and beverage,,,,,,,,175.00,,N,,,,N,,,,,,Y,,,,,,Y,,,,,,Y,,,,,,N,N,N,N,N,N,N,N,N,N,N,N
#chocolate-fudge-cake-fs,FGF6X3Q5OAWGIK3DPCG5CRKZ,Chocolate Fudge Cake,FS,,B443075,,Cakes to Go,Cakes to Go,,,,,visible,Prepared food and beverage,,,,,,,,240.00,,N,,,,N,,,,,,Y,,,,,,Y,,,,,,Y,,,,,,N,N,N,N,N,N,N,N,N,N,N,N
#chocolate-layer-cake-slice,R5O2OQAAIYL7NA6XFOYVUSBS,Chocolate Layer Cake,Slice,,4208296,,Cakes to Go,Cakes to Go,,,,,visible,Prepared food and beverage,,,,,,,Y,8.95,,N,,N,,N,,,,,,Y,,,,,,Y,,,,,,Y,,,,,,N,N,N,N,N,N,N,N,N,N,N,N
#chocolate-layer-cake-7inch,265E326AISP2PBNZJZUR77TM,Chocolate Layer Cake,7inch,,T511117,,Cakes to Go,Cakes to Go,,,,,visible,Prepared food and beverage,,,,,,,,50.00,,N,,,,N,,,,,,Y,,,,,,Y,,,,,,Y,,,,,,N,N,N,N,N,N,N,N,N,N,N,N
#chocolate-layer-cake-8inch,E6JCHC5WBNKNQBJB7FUKRLKE,Chocolate Layer Cake,8inch,,242363L,,Cakes to Go,Cakes to Go,,,,,visible,Prepared food and beverage,,,,,,,,54.00,,N,,,,N,,,,,,Y,,,,,,Y,,,,,,Y,,,,,,N,N,N,N,N,N,N,N,N,N,N,N
#chocolate-layer-cake-10inch,I6F7KDSWS265QVO4VHE4DQGI,Chocolate Layer Cake,10inch,,2592479,,Cakes to Go,Cakes to Go,,,,,visible,Prepared food and beverage,,,,,,,,65.00,,N,,,,N,,,,,,Y,,,,,,Y,,,,,,Y,,,,,,N,N,N,N,N,N,N,N,N,N,N,N
#chocolate-layer-cake-qs,NBB2CUJQI4JHNSRDHDV47UEA,Chocolate Layer Cake,QS,,5119348,,Cakes to Go,Cakes to Go,,,,,visible,Prepared food and beverage,,,,,,,,100.00,,N,,,,N,,,,,,Y,,,,,,Y,,,,,,Y,,,,,,N,N,N,N,N,N,N,N,N,N,N,N
#chocolate-layer-cake-hs,YS5LHI6OETUON5YPJ44FJZPL,Chocolate Layer Cake,HS,,9842322,,Cakes to Go,Cakes to Go,,,,,visible,Prepared food and beverage,,,,,,,,175.00,,N,,,,N,,,,,,Y,,,,,,Y,,,,,,Y,,,,,,N,N,N,N,N,N,N,N,N,N,N,N
#chocolate-layer-cake-fs,VBEKBSRXCRCA7ZBPAO5KII2D,Chocolate Layer Cake,FS,,7909588,,Cakes to Go,Cakes to Go,,,,,visible,Prepared food and beverage,,,,,,,,240.00,,N,,,,N,,,,,,Y,,,,,,Y,,,,,,Y,,,,,,N,N,N,N,N,N,N,N,N,N,N,N
#chocolate-milk-,CKARUKYOPMFVZ3XOUTX2ICND,Chocolate Milk,,,918146G,,Cold Drinks to Go,Cold Drinks to Go,,,,,visible,Prepared food and beverage,,,,,,,Y,3.22,,N,,N,,N,,,,,,Y,,,,,,Y,,,,,,Y,,,,,,N,N,N,N,N,N,N,N,N,N,N,N
#chocolate-mousse-cake-slice,W35LY5CLQFPZUC3GJ3ALE4SJ,Chocolate Mousse Cake,Slice,,B174177,,Cakes to Go,Cakes to Go,,,,,visible,Prepared food and beverage,,,,,,,Y,8.95,,N,,N,,N,,,,,,Y,,,,,,Y,,,,,,Y,,,,,,N,N,N,N,N,N,N,N,N,N,N,N
#chocolate-mousse-cake-7inch,E4XU22SUC7R6XS2TQ77IMDQR,Chocolate Mousse Cake,7inch,,8446844,,Cakes to Go,Cakes to Go,,,,,visible,Prepared food and beverage,,,,,,,,50.00,,N,,,,N,,,,,,Y,,,,,,Y,,,,,,Y,,,,,,N,N,N,N,N,N,N,N,N,N,N,N
#chocolate-mousse-cake-8inch,WC2JGVXTLF5GZ57ZGQUNEB7X,Chocolate Mousse Cake,8inch,,4845470,,Cakes to Go,Cakes to Go,,,,,visible,Prepared food and beverage,,,,,,,,54.00,,N,,,,N,,,,,,Y,,,,,,Y,,,,,,Y,,,,,,N,N,N,N,N,N,N,N,N,N,N,N
#chocolate-mousse-cake-10inch,XQFZYMVHQKHSJ2BL4C45XXPE,Chocolate Mousse Cake,10inch,,1490824,,Cakes to Go,Cakes to Go,,,,,visible,Prepared food and beverage,,,,,,,,65.00,,N,,,,N,,,,,,Y,,,,,,Y,,,,,,Y,,,,,,N,N,N,N,N,N,N,N,N,N,N,N
#chocolate-mousse-cake-qs,5L4C2K4L6ZMK4WRIOIEB6QBD,Chocolate Mousse Cake,QS,,A050325,,Cakes to Go,Cakes to Go,,,,,visible,Prepared food and beverage,,,,,,,,100.00,,N,,,,N,,,,,,Y,,,,,,Y,,,,,,Y,,,,,,N,N,N,N,N,N,N,N,N,N,N,N
#chocolate-mousse-cake-hs,64JWY2IBQPXGXQIVMDZFFJU3,Chocolate Mousse Cake,HS,,3300463,,Cakes to Go,Cakes to Go,,,,,visible,Prepared food and beverage,,,,,,,,175.00,,N,,,,N,,,,,,Y,,,,,,Y,,,,,,Y,,,,,,N,N,N,N,N,N,N,N,N,N,N,N
#chocolate-mousse-cake-fs,PD5DQU2HMGJB3RBUTENR5NUI,Chocolate Mousse Cake,FS,,M265214,,Cakes to Go,Cakes to Go,,,,,visible,Prepared food and beverage,,,,,,,,240.00,,N,,,,N,,,,,,Y,,,,,,Y,,,,,,Y,,,,,,N,N,N,N,N,N,N,N,N,N,N,N
#chocolate-vanilla-ts--,LC53J7TTCUZPXNY5M25JOZJF,Chocolate Vanilla (TS),,,369037L,,Cupcakes to Stay,Cupcakes to Stay,,,,,visible,Prepared food and beverage,,,,,,,Y,4.50,,N,,N,,N,,,,,,Y,,,,,,Y,,,,,,Y,,,,,,N,N,N,N,N,N,N,N,N,N,N,Y
#chocolate-vanilla-to-go-,ZTHYLOOMEWFDHVV225MNAQFT,Chocolate Vanilla to Go,,,400418P,,Cupcakes to Go,Cupcakes to Go,,,,,visible,Prepared food and beverage,,,,,,,Y,4.25,,N,,N,,N,,,,,,Y,,,,,,Y,,,,,,Y,,,,,,N,N,N,N,N,N,N,N,N,N,N,N
#chocolate-vegan-cupcake-ts--,Q2CWS5CKCHNBJSYF7E4FTDZP,Chocolate Vegan Cupcake (TS),,,9672175,,Cupcakes to Stay,Cupcakes to Stay,,,,,visible,Prepared food and beverage,,,,,,,Y,4.75,,N,,N,,N,,,,,,Y,,,,,,Y,,,,,,Y,,,,,,N,N,N,N,N,N,N,N,N,N,N,Y
#chocolate-vegan-cupcake-to-go-,LOA5WRLKXSUPBOCO3AUO5U6Y,Chocolate Vegan Cupcake to Go,,,A439249,,Cupcakes to Go,Cupcakes to Go,,,,,visible,Prepared food and beverage,,,,,,,Y,4.50,,N,,N,,N,,,,,,Y,,,,,,Y,,,,,,Y,,,,,,N,N,N,N,N,N,N,N,N,N,N,N
#cinnamon-babka-,2TRQ4JO2SVDROA5JE3INELKV,Cinnamon Babka,,,Z083069,,Pound Cake to Go,Pound Cake to Go,,,,,visible,Prepared food and beverage,,,,,,,Y,16.00,,N,,N,,N,,,,,,Y,,,,,,Y,,,,,,Y,,,,,,N,N,N,N,N,N,N,N,N,N,N,N
#coconut-cake-slice,F6T533HOW62JC5V66NX6Y5AC,Coconut Cake,Slice,,Q520918,,Cakes to Go,Cakes to Go,,,,,visible,Prepared food and beverage,,,,,,,Y,8.95,,N,,N,,N,,,,,,Y,,,,,,Y,,,,,,Y,,,,,,N,N,N,N,N,N,N,N,N,N,N,N
#coconut-cake-7inch,OHZFYT6VAWZKC4ZVVEOL3OCG,Coconut Cake,7inch,,871138W,,Cakes to Go,Cakes to Go,,,,,visible,Prepared food and beverage,,,,,,,,50.00,,N,,,,N,,,,,,Y,,,,,,Y,,,,,,Y,,,,,,N,N,N,N,N,N,N,N,N,N,N,N
#coconut-cake-8inch,ARYUZU36Q6GTJZPBHXSIVBY7,Coconut Cake,8inch,,9854714,,Cakes to Go,Cakes to Go,,,,,visible,Prepared food and beverage,,,,,,,,54.00,,N,,,,N,,,,,,Y,,,,,,Y,,,,,,Y,,,,,,N,N,N,N,N,N,N,N,N,N,N,N
#coconut-cake-10inch,YU6QUM6C6ADLGXL6KYG6TGAH,Coconut Cake,10inch,,X659357,,Cakes to Go,Cakes to Go,,,,,visible,Prepared food and beverage,,,,,,,,65.00,,N,,,,N,,,,,,Y,,,,,,Y,,,,,,Y,,,,,,N,N,N,N,N,N,N,N,N,N,N,N
#coconut-cake-qs,LLO5LLXW5XLKMIAKPPQDWVLA,Coconut Cake,QS,,432227E,,Cakes to Go,Cakes to Go,,,,,visible,Prepared food and beverage,,,,,,,,100.00,,N,,,,N,,,,,,Y,,,,,,Y,,,,,,Y,,,,,,N,N,N,N,N,N,N,N,N,N,N,N
#coconut-cake-hs,5GCJBHS4TUQDY5RVSPIMIGU4,Coconut Cake,HS,,L116785,,Cakes to Go,Cakes to Go,,,,,visible,Prepared food and beverage,,,,,,,,175.00,,N,,,,N,,,,,,Y,,,,,,Y,,,,,,Y,,,,,,N,N,N,N,N,N,N,N,N,N,N,N
#coconut-cake-fs,GNXGE2JT4EZZHVMCQGRP3G5M,Coconut Cake,FS,,V612843,,Cakes to Go,Cakes to Go,,,,,visible,Prepared food and beverage,,,,,,,,240.00,,N,,,,N,,,,,,Y,,,,,,Y,,,,,,Y,,,,,,N,N,N,N,N,N,N,N,N,N,N,N
#coconut-custard-pie-ts--,ARKUYP3R75BWUXDCWD6LXRVS,Coconut Custard Pie (TS),,,409776C,,Pies to Stay,Pies to Stay,,,,,visible,Prepared food and beverage,,,,,,,Y,9.25,,N,,N,,N,,,,,,Y,,,,,,Y,,,,,,Y,,,,,,N,N,N,N,N,N,N,N,N,N,N,Y
#coconut-custard-pie-to-go-slice,DOE5A3A5JTLXZDWWDPDEJIJ2,Coconut Custard Pie to Go,Slice,,G989950,,Pies to Go,Pies to Go,,,,,visible,Prepared food and beverage,,,,,,,Y,8.75,,N,,N,,N,,,,,,Y,,,,,,Y,,,,,,Y,,,,,,N,N,N,N,N,N,N,N,N,N,N,N
#coconut-custard-pie-to-go-8inch,VPPBA5Y33DWD7YZGJJR33IOV,Coconut Custard Pie to Go,8inch,,R963899,,Pies to Go,Pies to Go,,,,,visible,Prepared food and beverage,,,,,,,,29.00,,N,,,,N,,,,,,Y,,,,,,Y,,,,,,Y,,,,,,N,N,N,N,N,N,N,N,N,N,N,N
#coconut-custard-pie-to-go-10inch,LF4NIG5HHOCSKA7H7DSLY6SX,Coconut Custard Pie to Go,10inch,,9721596,,Pies to Go,Pies to Go,,,,,visible,Prepared food and beverage,,,,,,,,38.00,,N,,,,N,,,,,,Y,,,,,,Y,,,,,,Y,,,,,,N,N,N,N,N,N,N,N,N,N,N,N
#coconut-macaroon-to-go-,YMV5FDLSGS7SJFQDMPKXI6AP,Coconut Macaroon to Go,,,331253S,,Cookies by the Piece to Go,Cookies by the Piece to Go,,,,,visible,Prepared food and beverage,,,,,,,Y,3.25,,N,,N,,N,,,,,,Y,,,,,,Y,,,,,,Y,,,,,,N,N,N,N,N,N,N,N,N,N,N,N
#coffee-ts--,KHUQ6LSVBZ2FBIMNEKLCRX2S,Coffee (TS),,,214830T,,Hot Drinks to Stay,Hot Drinks to Stay,,,,,visible,Prepared food and beverage,,,,,,,Y,3.95,,N,,N,,N,,,,,,Y,,,,,,Y,,,,,,Y,,,,,,N,N,N,N,Y,N,N,N,N,N,N,Y
#coffee-cake-ts--,GOCFKRRUHKGXIPRF3JLNZI5H,Coffee Cake (TS),,,Q059259,,Pound Cake to Stay,Pound Cake to Stay,,,,,visible,Prepared food and beverage,,,,,,,Y,4.75,,N,,N,,N,,,,,,Y,,,,,,Y,,,,,,Y,,,,,,N,N,N,N,N,N,N,N,N,N,N,Y
#coffee-cake-to-go-,LAMXYFBUOH2UORZ7GCJBGYMB,Coffee Cake to Go,,,Z151364,,Pound Cake to Go,Pound Cake to Go,,,,,visible,Prepared food and beverage,,,,,,,Y,3.95,,N,,N,,N,,,,,,Y,,,,,,Y,,,,,,Y,,,,,,N,N,N,N,N,N,N,N,N,N,N,N
#coffee-to-go-small,TYD4WBZ4MQEE6ZTNUTBAMISN,Coffee to Go,Small,,1759933,,Hot Drinks to Go,Hot Drinks to Go,,,,,visible,Prepared food and beverage,,,,,,,Y,2.53,,N,,N,,N,,,,,,Y,,,,,,Y,,,,,,Y,,,,,,N,N,N,N,Y,N,N,N,N,N,N,N
#coffee-to-go-large,5TWOLC7AEFPRHGCJH6TCWHIE,Coffee to Go,Large,,5919393,,Hot Drinks to Go,Hot Drinks to Go,,,,,visible,Prepared food and beverage,,,,,,,,2.99,,N,,,,N,,,,,,Y,,,,,,Y,,,,,,Y,,,,,,N,N,N,N,Y,N,N,N,N,N,N,N
#cookie-dough-ts--,LG2YEVKL63BLZJJZ7VD7MCAX,Cookie Dough (TS),,,T902853,,Cupcakes to Stay,Cupcakes to Stay,,,,,visible,Prepared food and beverage,,,,,,,Y,4.50,,N,,N,,N,,,,,,Y,,,,,,Y,,,,,,Y,,,,,,N,N,N,N,N,N,N,N,N,N,N,Y
#cookie-dough-to-go-,I44MDT27BEECHHJ6TF5SYB3Y,Cookie Dough to Go,,,V093680,,Cupcakes to Go,Cupcakes to Go,,,,,visible,Prepared food and beverage,,,,,,,Y,4.25,,N,,N,,N,,,,,,Y,,,,,,Y,,,,,,Y,,,,,,N,N,N,N,N,N,N,N,N,N,N,N
#cortado-ts--,KYOBCSPCORVSE27UVR7IEC4V,Cortado (TS),,,M884319,,Hot Drinks to Stay,Hot Drinks to Stay,,,,,visible,Prepared food and beverage,,,,,,,Y,5.25,,N,,N,,N,,,,,,Y,,,,,,Y,,,,,,Y,,,,,,N,N,N,N,Y,N,N,N,N,N,N,Y
#cortado-to-go-small,GBNIP6WJLQG3CWKKWYMC2DRU,Cortado to Go,Small,,633263R,,Hot Drinks to Go,Hot Drinks to Go,,,,,visible,Prepared food and beverage,,,,,,,Y,3.67,,N,,N,,N,,,,,,Y,,,,,,Y,,,,,,Y,,,,,,N,N,N,N,Y,N,N,N,N,N,N,N
#cortado-to-go-large,GEW6NCNEZ6PH3O5QPJVU2CTJ,Cortado to Go,Large,,Q279475,,Hot Drinks to Go,Hot Drinks to Go,,,,,visible,Prepared food and beverage,,,,,,,,4.67,,N,,,,N,,,,,,Y,,,,,,Y,,,,,,Y,,,,,,N,N,N,N,Y,N,N,N,N,N,N,N
#creme-brulee-ts--,O2HPCTCFVOZS34QSPIR4UQ4F,Creme Brulee (TS),,,G398183,,Cupcakes to Stay,Cupcakes to Stay,,,,,visible,Prepared food and beverage,,,,,,,Y,4.50,,N,,N,,N,,,,,,Y,,,,,,Y,,,,,,Y,,,,,,N,N,N,N,N,N,N,N,N,N,N,Y
#creme-brulee-cupcake-to-go-,223ZJ2ZZKAJJBRKDGNXB2YKT,Creme Brulee Cupcake to Go,,,9424161,,Cupcakes to Go,Cupcakes to Go,,,,,visible,Prepared food and beverage,,,,,,,Y,4.25,,N,,N,,N,,,,,,Y,,,,,,Y,,,,,,Y,,,,,,N,N,N,N,N,N,N,N,N,N,N,N
#croissant-ts--,OBN4Q7GSIS3XFBEURDRNKDLO,Croissant (TS),,,N452729,,Croissant to Stay,Croissant to Stay,,,,,visible,Prepared food and beverage,,,,,,,Y,3.95,,N,,N,,N,,,,,,Y,,,,,,Y,,,,,,Y,,,,,,N,N,N,N,N,N,N,N,N,N,N,Y
#croissant-to-go-,Y4XDQNZ6GZCHGZE66HMQEBUR,Croissant to Go,,,8319566,,Croissant to Go,Croissant to Go,,,,,visible,Prepared food and beverage,,,,,,,Y,3.95,,N,,N,,N,,,,,,Y,,,,,,Y,,,,,,Y,,,,,,N,N,N,N,N,N,N,N,N,N,N,N
#cr-me-brulee-ts--,JULUYBGL2G7JUW5FSHCDWTFP,Crème Brulee (TS),,,8431885,,Custard to Stay,Custard to Stay,,,,,visible,Prepared food and beverage,,,,,,,Y,8.95,,N,,N,,N,,,,,,Y,,,,,,Y,,,,,,Y,,,,,,N,N,N,N,N,N,N,N,N,N,N,Y
#cr-me-brulee-to-go-,RJD637BU7PF5LFGU32ZGIRS3,Crème Brulee to Go,,,F100529,,Custard to Go,Custard to Go,,,,,visible,Prepared food and beverage,,,,,,,Y,8.50,,N,,N,,N,,,,,,Y,,,,,,Y,,,,,,Y,,,,,,N,N,N,N,N,N,N,N,N,N,N,N
#edible-image-cupcakes-to-go-,4UQCIFHZY6E3LPPQE5SFIEOH,Edible Image Cupcakes to Go,,,B038918,,Cupcakes to Go,Cupcakes to Go,,,,,visible,Prepared food and beverage,,,,,,,Y,70.00,,N,,N,,N,,,,,,Y,,,,,,Y,,,,,,Y,,,,,,N,N,N,N,N,N,N,N,N,N,N,N
#esp-frappe-small,EOUZIKJINFRCYYEO6WKCNK4G,Esp Frappe,Small,,B422079,,Cold Drinks to Go,Cold Drinks to Go,,,,,visible,Prepared food and beverage,,,,,,,Y,4.55,,N,,N,,N,,,,,,Y,,,,,,Y,,,,,,Y,,,,,,N,N,N,N,N,N,N,N,N,N,N,N
#esp-frappe-large,H6MIRWGQJOTBSBZW7W3EZTTW,Esp Frappe,Large,,111515X,,Cold Drinks to Go,Cold Drinks to Go,,,,,visible,Prepared food and beverage,,,,,,,,5.55,,N,,,,N,,,,,,Y,,,,,,Y,,,,,,Y,,,,,,N,N,N,N,N,N,N,N,N,N,N,N
#espresso-ts--,KZNGD6HCMULCVKPA2WKJRLTC,Espresso (TS),,,5613912,,Hot Drinks to Stay,Hot Drinks to Stay,,,,,visible,Prepared food and beverage,,,,,,,Y,4.25,,N,,N,,N,,,,,,Y,,,,,,Y,,,,,,Y,,,,,,N,N,N,N,Y,N,N,N,N,N,N,Y
#espresso-to-go-small,ESLU4O2SWDNMG6CN5S3EMNX4,Espresso to Go,Small,,5089147,,Hot Drinks to Go,Hot Drinks to Go,,,,,visible,Prepared food and beverage,,,,,,,Y,2.99,,N,,N,,N,,,,,,Y,,,,,,Y,,,,,,Y,,,,,,N,N,N,N,Y,N,N,N,N,N,N,N
#espresso-to-go-large,ZYFSNCGFVB3MY6Z47R7OVTLA,Espresso to Go,Large,,Q835081,,Hot Drinks to Go,Hot Drinks to Go,,,,,visible,Prepared food and beverage,,,,,,,,3.99,,N,,,,N,,,,,,Y,,,,,,Y,,,,,,Y,,,,,,N,N,N,N,Y,N,N,N,N,N,N,N
#flan-to-go-slice,Q6DM7GPX6BDYTQ2GJ6RYEZDR,Flan to Go,Slice,,L665423,,Custard to Go,Custard to Go,,,,,visible,Prepared food and beverage,,,,,,,Y,8.25,,N,,N,,N,,,,,,Y,,,,,,Y,,,,,,Y,,,,,,N,N,N,N,N,N,N,N,N,N,N,N
#flan-to-go-whole,UNEOE77SOTFAGNIJAN3JXJI6,Flan to Go,Whole,,H174247,,Custard to Go,Custard to Go,,,,,visible,Prepared food and beverage,,,,,,,,52.00,,N,,,,N,,,,,,Y,,,,,,Y,,,,,,Y,,,,,,N,N,N,N,N,N,N,N,N,N,N,N
#flat-white-ts--,JCS332W6T454GMLD4YKEESTQ,Flat White (TS),,,807963K,,Hot Drinks to Stay,Hot Drinks to Stay,,,,,visible,Prepared food and beverage,,,,,,,Y,6.00,,N,,N,,N,,,,,,Y,,,,,,Y,,,,,,Y,,,,,,N,N,N,N,Y,N,N,N,N,N,N,Y
#flat-white-to-go-small,F2RRAGDZ2ZTH7MSRXOHB2TPR,Flat White to Go,Small,,357979C,,Hot Drinks to Go,Hot Drinks to Go,,,,,visible,Prepared food and beverage,,,,,,,Y,4.50,,N,,N,,N,,,,,,Y,,,,,,Y,,,,,,Y,,,,,,N,N,N,N,Y,N,N,N,N,N,N,N
#flat-white-to-go-large,PFGG3DCCR5MDAY76JTCARNUC,Flat White to Go,Large,,166580F,,Hot Drinks to Go,Hot Drinks to Go,,,,,visible,Prepared food and beverage,,,,,,,,5.50,,N,,,,N,,,,,,Y,,,,,,Y,,,,,,Y,,,,,,N,N,N,N,Y,N,N,N,N,N,N,N
#freddo-cappuccino-small,QEZEG5UW46DOONQ6DJ5H4QJD,Freddo Cappuccino,Small,,N144226,,Cold Drinks to Go,Cold Drinks to Go,,,,,visible,Prepared food and beverage,,,,,,,Y,5.51,,N,,N,,N,,,,,,Y,,,,,,Y,,,,,,Y,,,,,,N,N,N,N,N,N,N,N,N,N,N,N
#freddo-cappuccino-large,6QEA4W4DM5PWNRKGD4TB7567,Freddo Cappuccino,Large,,3603913,,Cold Drinks to Go,Cold Drinks to Go,,,,,visible,Prepared food and beverage,,,,,,,,6.51,,N,,,,N,,,,,,Y,,,,,,Y,,,,,,Y,,,,,,N,N,N,N,N,N,N,N,N,N,N,N
#freddo-espresso-,MR6ZXSAT6WEE24R64M4WR2E6,Freddo Espresso,,,X989029,,Cold Drinks to Go,Cold Drinks to Go,,,,,visible,Prepared food and beverage,,,,,,,Y,5.28,,N,,N,,N,,,,,,Y,,,,,,Y,,,,,,Y,,,,,,N,N,N,N,N,N,N,N,N,N,N,N
#french-macaron-ts--,BNVQKHDUMEYQ72INL63G2IQM,French Macaron (TS),,,6492754,,Cookies by the Piece to Stay,Cookies by the Piece to Stay,,,,,visible,Prepared food and beverage,,,,,,,Y,3.95,,N,,N,,N,,,,,,Y,,,,,,Y,,,,,,Y,,,,,,N,N,N,N,N,N,N,N,N,N,N,Y
#french-macaron-to-go--,JFZHRIIMXJZANI54ZXS5EZQA,French Macaron to Go*,,,482535Q,,Cookies by the Piece to Go,Cookies by the Piece to Go,,,,,visible,Prepared food and beverage,,,,,,,Y,3.95,,N,,N,,N,,,,,,Y,,,,,,Y,,,,,,Y,,,,,,N,N,N,N,N,N,N,N,N,N,N,N
#fruit-napoleon-ts--,ACVP462QAVRLQIDXG6LFMXRA,Fruit Napoleon (TS),,,3529045,,SEN to Stay,SEN to Stay,,,,,visible,Prepared food and beverage,,,,,,,Y,9.95,,N,,N,,N,,,,,,Y,,,,,,Y,,,,,,Y,,,,,,N,N,N,N,N,N,N,N,N,N,N,Y
#fruit-napoleon-to-go-slice,EPMPL7Y4KCFQNCNW6ZSSQAW4,Fruit Napoleon to Go,Slice,,Y600446,,SEN to Go,SEN to Go,,,,,visible,Prepared food and beverage,,,,,,,Y,9.25,,N,,N,,N,,,,,,Y,,,,,,Y,,,,,,Y,,,,,,N,N,N,N,N,N,N,N,N,N,N,N
#fruit-napoleon-to-go-whole,E7O4MA7EQOFDPQCI3K2AQT7Y,Fruit Napoleon to Go,Whole,,X429888,,SEN to Go,SEN to Go,,,,,visible,Prepared food and beverage,,,,,,,,55.00,,N,,,,N,,,,,,Y,,,,,,Y,,,,,,Y,,,,,,N,N,N,N,N,N,N,N,N,N,N,N
#fruit-napoleon-to-go-qs,KUUDEF2ZVVCXYAXGPBSGYQ2C,Fruit Napoleon to Go,QS,,974483K,,SEN to Go,SEN to Go,,,,,visible,Prepared food and beverage,,,,,,,,100.00,,N,,,,N,,,,,,Y,,,,,,Y,,,,,,Y,,,,,,N,N,N,N,N,N,N,N,N,N,N,N
#fruit-napoleon-to-go-hs,RYQSMLETXJ4QRA5S6EG4PNOT,Fruit Napoleon to Go,HS,,M888762,,SEN to Go,SEN to Go,,,,,visible,Prepared food and beverage,,,,,,,,175.00,,N,,,,N,,,,,,Y,,,,,,Y,,,,,,Y,,,,,,N,N,N,N,N,N,N,N,N,N,N,N
#fruit-napoleon-to-go-fs,5TZJAU5BUVB2IAMQLBGOOPV7,Fruit Napoleon to Go,FS,,M803580,,SEN to Go,SEN to Go,,,,,visible,Prepared food and beverage,,,,,,,,240.00,,N,,,,N,,,,,,Y,,,,,,Y,,,,,,Y,,,,,,N,N,N,N,N,N,N,N,N,N,N,N
#fruit-tart-ts--,TPEJUVMKTPHRGIZ6FQQLKHTR,Fruit Tart (TS),,,225892A,,Tarts to Stay,Tarts to Stay,,,,,visible,Prepared food and beverage,,,,,,,Y,9.50,,N,,N,,N,,,,,,Y,,,,,,Y,,,,,,Y,,,,,,N,N,N,N,N,N,N,N,N,N,N,Y
#fruit-tart-to-go-4inch,SQR2AZPIGVSC2VHWZQQHFEUT,Fruit Tart to Go,4inch,,964272H,,Tarts to Go,Tarts to Go,,,,,visible,Prepared food and beverage,,,,,,,Y,8.95,,N,,N,,N,,,,,,Y,,,,,,Y,,,,,,Y,,,,,,N,N,N,N,N,N,N,N,N,N,N,N
#fruit-tart-to-go-10inch,42F4YBLDT7JYSR3PXSXSCKQL,Fruit Tart to Go,10inch,,H765341,,Tarts to Go,Tarts to Go,,,,,visible,Prepared food and beverage,,,,,,,,44.00,,N,,,,N,,,,,,Y,,,,,,Y,,,,,,Y,,,,,,N,N,N,N,N,N,N,N,N,N,N,N
#gf-caramel-coffee-ts--,DECBWGRYAYV2HSCHT36AHX7H,GF Caramel Coffee (TS),,,8520384,,Gluten Free to Stay,Gluten Free to Stay,,,,,visible,Prepared food and beverage,,,,,,,Y,8.95,,N,,N,,N,,,,,,Y,,,,,,Y,,,,,,Y,,,,,,N,N,N,N,N,N,N,N,N,N,N,Y
#gf-caramel-coffee-to-go-individual,LIMHRMA6J37BQFO35HLHF2ZV,GF Caramel Coffee to Go,Individual,,A674455,,Gluten Free to Go,Gluten Free to Go,,,,,visible,Prepared food and beverage,,,,,,,Y,8.50,,N,,N,,N,,,,,,Y,,,,,,Y,,,,,,Y,,,,,,N,N,N,N,N,N,N,N,N,N,N,N
#gf-caramel-coffee-to-go-8inch,WVQNFSH4EJFJ2GYEVPMKL7FC,GF Caramel Coffee to Go,8inch,,R963060,,Gluten Free to Go,Gluten Free to Go,,,,,visible,Prepared food and beverage,,,,,,,,60.00,,N,,,,N,,,,,,Y,,,,,,Y,,,,,,Y,,,,,,N,N,N,N,N,N,N,N,N,N,N,N
#gf-caramel-coffee-to-go-10inch,WQF3W57YQHJYNCWEL6S5PSLV,GF Caramel Coffee to Go,10inch,,378139L,,Gluten Free to Go,Gluten Free to Go,,,,,visible,Prepared food and beverage,,,,,,,,70.00,,N,,,,N,,,,,,Y,,,,,,Y,,,,,,Y,,,,,,N,N,N,N,N,N,N,N,N,N,N,N
#gf-chocolate-mousse-ts--,XY7NX6FUHGSMM7MTS2SPTDOO,GF Chocolate Mousse (TS),,,9758320,,Gluten Free to Stay,Gluten Free to Stay,,,,,visible,Prepared food and beverage,,,,,,,Y,8.95,,N,,N,,N,,,,,,Y,,,,,,Y,,,,,,Y,,,,,,N,N,N,N,N,N,N,N,N,N,N,Y
#gf-chocolate-mousse-to-go-individual,XQRESUKJCUABTXC7T5VN4VSG,GF Chocolate Mousse to Go,Individual,,2242453,,Gluten Free to Go,Gluten Free to Go,,,,,visible,Prepared food and beverage,,,,,,,Y,8.50,,N,,N,,N,,,,,,Y,,,,,,Y,,,,,,Y,,,,,,N,N,N,N,N,N,N,N,N,N,N,N
#gf-chocolate-mousse-to-go-8inch,Y3GGE4ZVMFZKXXJH32GOR6WM,GF Chocolate Mousse to Go,8inch,,G341228,,Gluten Free to Go,Gluten Free to Go,,,,,visible,Prepared food and beverage,,,,,,,,60.00,,N,,,,N,,,,,,Y,,,,,,Y,,,,,,Y,,,,,,N,N,N,N,N,N,N,N,N,N,N,N
#gf-chocolate-mousse-to-go-10inch,BGY5MATCWPLWJ2OPMQO37LST,GF Chocolate Mousse to Go,10inch,,7683083,,Gluten Free to Go,Gluten Free to Go,,,,,visible,Prepared food and beverage,,,,,,,,70.00,,N,,,,N,,,,,,Y,,,,,,Y,,,,,,Y,,,,,,N,N,N,N,N,N,N,N,N,N,N,N
#gf-chocolate-mousse-to-go-hs,ZV5SSIJB26QD4EIAX2RYOEVJ,GF Chocolate Mousse to Go,HS,,C211282,,Gluten Free to Go,Gluten Free to Go,,,,,visible,Prepared food and beverage,,,,,,,,120.00,,N,,,,N,,,,,,Y,,,,,,Y,,,,,,Y,,,,,,N,N,N,N,N,N,N,N,N,N,N,N
#gf-chocolate-mousse-to-go-qs,37YEIGRKDOFW5AOQLX3U4IK5,GF Chocolate Mousse to Go,QS,,9764799,,Gluten Free to Go,Gluten Free to Go,,,,,visible,Prepared food and beverage,,,,,,,,120.00,,N,,,,N,,,,,,Y,,,,,,Y,,,,,,Y,,,,,,N,N,N,N,N,N,N,N,N,N,N,N
#gf-chocolate-mousse-to-go-fs,ZJTYGRORQTYMEFLWCBD67T6C,GF Chocolate Mousse to Go,FS,,962633B,,Gluten Free to Go,Gluten Free to Go,,,,,visible,Prepared food and beverage,,,,,,,,270.00,,N,,,,N,,,,,,Y,,,,,,Y,,,,,,Y,,,,,,N,N,N,N,N,N,N,N,N,N,N,N
#gf-hazelnut-marquis-ts--,BC5UKDZX6WD63VNSHCP377CG,GF Hazelnut Marquis (TS),,,S508894,,Gluten Free to Stay,Gluten Free to Stay,,,,,visible,Prepared food and beverage,,,,,,,Y,8.95,,N,,N,,N,,,,,,Y,,,,,,Y,,,,,,Y,,,,,,N,N,N,N,N,N,N,N,N,N,N,Y
#gf-hazelnut-marquis-to-go-individual,CYQ7RRBRDXOEC7FQSMSYQGXD,GF Hazelnut Marquis to Go,Individual,,C471311,,Gluten Free to Go,Gluten Free to Go,,,,,visible,Prepared food and beverage,,,,,,,Y,8.50,,N,,N,,N,,,,,,Y,,,,,,Y,,,,,,Y,,,,,,N,N,N,N,N,N,N,N,N,N,N,N
#gf-hazelnut-marquis-to-go-8inch,QH5F3X7GS5GSC6LWAHI6FPDB,GF Hazelnut Marquis to Go,8inch,,185463F,,Gluten Free to Go,Gluten Free to Go,,,,,visible,Prepared food and beverage,,,,,,,,60.00,,N,,,,N,,,,,,Y,,,,,,Y,,,,,,Y,,,,,,N,N,N,N,N,N,N,N,N,N,N,N
#gf-hazelnut-marquis-to-go-10inch,H4C2LUHCO2SUTEYWG3E5F5MK,GF Hazelnut Marquis to Go,10inch,,L147134,,Gluten Free to Go,Gluten Free to Go,,,,,visible,Prepared food and beverage,,,,,,,,70.00,,N,,,,N,,,,,,Y,,,,,,Y,,,,,,Y,,,,,,N,N,N,N,N,N,N,N,N,N,N,N
#gf-milk-chocolate-panna-cotta-ts--,2ZLWCSEAZASCEPKEGAIXMTCS,GF Milk Chocolate Panna Cotta (TS),,,508124R,,Gluten Free to Stay,Gluten Free to Stay,,,,,visible,Prepared food and beverage,,,,,,,Y,8.95,,N,,N,,N,,,,,,Y,,,,,,Y,,,,,,Y,,,,,,N,N,N,N,N,N,N,N,N,N,N,Y
#gf-milk-chocolate-panna-cotta-to-go-individual,SDEIFADVU5B3MBFVB54BQFGX,GF Milk Chocolate Panna Cotta to Go,Individual,,7684278,,Gluten Free to Go,Gluten Free to Go,,,,,visible,Prepared food and beverage,,,,,,,Y,8.50,,N,,N,,N,,,,,,Y,,,,,,Y,,,,,,Y,,,,,,N,N,N,N,N,N,N,N,N,N,N,N
#gf-milk-chocolate-panna-cotta-to-go-8inch,ICG32QRAQISWFOJF4PEZSOHZ,GF Milk Chocolate Panna Cotta to Go,8inch,,P250043,,Gluten Free to Go,Gluten Free to Go,,,,,visible,Prepared food and beverage,,,,,,,,75.00,,N,,,,N,,,,,,Y,,,,,,Y,,,,,,Y,,,,,,N,N,N,N,N,N,N,N,N,N,N,N
#gf-milk-chocolate-panna-cotta-to-go-10inch,JPM5E5WO5AWKHYQ4SGRDVQ32,GF Milk Chocolate Panna Cotta to Go,10inch,,8035011,,Gluten Free to Go,Gluten Free to Go,,,,,visible,Prepared food and beverage,,,,,,,,85.00,,N,,,,N,,,,,,Y,,,,,,Y,,,,,,Y,,,,,,N,N,N,N,N,N,N,N,N,N,N,N
#gf-pineapple-coconut-ts--,YRMVUQ4LCFRTCIN4YWH7K3BJ,GF Pineapple Coconut (TS),,,5313282,,Gluten Free to Stay,Gluten Free to Stay,,,,,visible,Prepared food and beverage,,,,,,,Y,8.95,,N,,N,,N,,,,,,Y,,,,,,Y,,,,,,Y,,,,,,N,N,N,N,N,N,N,N,N,N,N,Y
#gf-pineapple-coconut-to-go-individual,WCLOLV5TQFEUYUZOE7CELS72,GF Pineapple Coconut to Go,Individual,,734627F,,Gluten Free to Go,Gluten Free to Go,,,,,visible,Prepared food and beverage,,,,,,,Y,8.50,,N,,N,,N,,,,,,Y,,,,,,Y,,,,,,Y,,,,,,N,N,N,N,N,N,N,N,N,N,N,N
#gf-pineapple-coconut-to-go-8inch,27ZJEITRT2UH5Y7YLQBPDZ2Y,GF Pineapple Coconut to Go,8inch,,4902652,,Gluten Free to Go,Gluten Free to Go,,,,,visible,Prepared food and beverage,,,,,,,,75.00,,N,,,,N,,,,,,Y,,,,,,Y,,,,,,Y,,,,,,N,N,N,N,N,N,N,N,N,N,N,N
#gf-pineapple-coconut-to-go-10inch,GZ2XT7O2W4UC7MRK3XYHW4RD,GF Pineapple Coconut to Go,10inch,,551392Q,,Gluten Free to Go,Gluten Free to Go,,,,,visible,Prepared food and beverage,,,,,,,,85.00,,N,,,,N,,,,,,Y,,,,,,Y,,,,,,Y,,,,,,N,N,N,N,N,N,N,N,N,N,N,N
#gf-porcupine-ts--,KTF3H7R5BBWK47R7TDI7UN7D,GF Porcupine (TS),,,401816G,,Gluten Free to Stay,Gluten Free to Stay,,,,,visible,Prepared food and beverage,,,,,,,Y,8.95,,N,,N,,N,,,,,,Y,,,,,,Y,,,,,,Y,,,,,,N,N,N,N,N,N,N,N,N,N,N,Y
#gf-porcupine-to-go-individual,KU7WA3FJ5HFLDWXDXSQM6EPG,GF Porcupine to Go,Individual,,P640209,,Gluten Free to Go,Gluten Free to Go,,,,,visible,Prepared food and beverage,,,,,,,Y,8.50,,N,,N,,N,,,,,,Y,,,,,,Y,,,,,,Y,,,,,,N,N,N,N,N,N,N,N,N,N,N,N
#gf-porcupine-to-go-8inch,UQ6VAR63BN3WDFJWRSHAIMTS,GF Porcupine to Go,8inch,,V389675,,Gluten Free to Go,Gluten Free to Go,,,,,visible,Prepared food and beverage,,,,,,,,75.00,,N,,,,N,,,,,,Y,,,,,,Y,,,,,,Y,,,,,,N,N,N,N,N,N,N,N,N,N,N,N
#gf-porcupine-to-go-10inch,PNK5MPT47R2V5B6T74YNYA37,GF Porcupine to Go,10inch,,951074S,,Gluten Free to Go,Gluten Free to Go,,,,,visible,Prepared food and beverage,,,,,,,,85.00,,N,,,,N,,,,,,Y,,,,,,Y,,,,,,Y,,,,,,N,N,N,N,N,N,N,N,N,N,N,N
#gr-polka-dot-,HG4TV4B5KRAP3JZM37BMKWIH,GR Polka Dot,,,2153281,,Special Cake to Go,Special Cake to Go,,,,,visible,Prepared food and beverage,,,,,,,Y,160.00,,N,,N,,N,,,,,,Y,,,,,,Y,,,,,,Y,,,,,,N,N,N,N,N,N,N,N,N,N,N,N
#gr-rosette-,LZ7CI4JNNHX2GB7WXDSVSJPN,GR Rosette,,,126672X,,Special Cake to Go,Special Cake to Go,,,,,visible,Prepared food and beverage,,,,,,,Y,95.00,,N,,N,,N,,,,,,Y,,,,,,Y,,,,,,Y,,,,,,N,N,N,N,N,N,N,N,N,N,N,N
#gr-simple-,XBO7RC4UXMQ57ZISKTOECG7Y,GR Simple,,,Z732930,,Special Cake to Go,Special Cake to Go,,,,,visible,Prepared food and beverage,,,,,,,Y,85.00,,N,,N,,N,,,,,,Y,,,,,,Y,,,,,,Y,,,,,,N,N,N,N,N,N,N,N,N,N,N,N
#german-chocolate-cake-slice,CNSLJOATOL3NFMMJK4FVKMZQ,German Chocolate Cake,Slice,,G796040,,Cakes to Go,Cakes to Go,,,,,visible,Prepared food and beverage,,,,,,,Y,8.95,,N,,N,,N,,,,,,Y,,,,,,Y,,,,,,Y,,,,,,N,N,N,N,N,N,N,N,N,N,N,N
#german-chocolate-cake-7inch,TMBBNWUWY6QXKFIRJE74VAHG,German Chocolate Cake,7inch,,7281294,,Cakes to Go,Cakes to Go,,,,,visible,Prepared food and beverage,,,,,,,,50.00,,N,,,,N,,,,,,Y,,,,,,Y,,,,,,Y,,,,,,N,N,N,N,N,N,N,N,N,N,N,N
#german-chocolate-cake-8inch,4F6B5T25NXT5DEBNRNA73HQC,German Chocolate Cake,8inch,,570775Z,,Cakes to Go,Cakes to Go,,,,,visible,Prepared food and beverage,,,,,,,,54.00,,N,,,,N,,,,,,Y,,,,,,Y,,,,,,Y,,,,,,N,N,N,N,N,N,N,N,N,N,N,N
#german-chocolate-cake-10inch,YLNV7U5KSTKB2H4EC2CDIXQL,German Chocolate Cake,10inch,,W410133,,Cakes to Go,Cakes to Go,,,,,visible,Prepared food and beverage,,,,,,,,65.00,,N,,,,N,,,,,,Y,,,,,,Y,,,,,,Y,,,,,,N,N,N,N,N,N,N,N,N,N,N,N
#german-chocolate-cake-qs,TZXX46PQHB65YEIZME4ABMUM,German Chocolate Cake,QS,,417052W,,Cakes to Go,Cakes to Go,,,,,visible,Prepared food and beverage,,,,,,,,100.00,,N,,,,N,,,,,,Y,,,,,,Y,,,,,,Y,,,,,,N,N,N,N,N,N,N,N,N,N,N,N
#german-chocolate-cake-hs,F5CZSYRSYVQYZMT35JWXZEDN,German Chocolate Cake,HS,,Y642612,,Cakes to Go,Cakes to Go,,,,,visible,Prepared food and beverage,,,,,,,,175.00,,N,,,,N,,,,,,Y,,,,,,Y,,,,,,Y,,,,,,N,N,N,N,N,N,N,N,N,N,N,N
#german-chocolate-cake-fs,6W2K3CH5WY3NH3HXHO3PE2MW,German Chocolate Cake,FS,,9198987,,Cakes to Go,Cakes to Go,,,,,visible,Prepared food and beverage,,,,,,,,240.00,,N,,,,N,,,,,,Y,,,,,,Y,,,,,,Y,,,,,,N,N,N,N,N,N,N,N,N,N,N,N
#ginger-molasses-cookie-ts--,V6JMEFUPOJJ6HIH6XSR74XHO,Ginger Molasses Cookie (TS),,,L933837,,Cookies by the Piece to Stay,Cookies by the Piece to Stay,,,,,visible,Prepared food and beverage,,,,,,,Y,4.75,,N,,N,,N,,,,,,Y,,,,,,Y,,,,,,Y,,,,,,N,N,N,N,N,N,N,N,N,N,N,Y
#ginger-molasses-cookie-to-go-,GU2WPIR6JNXLNKXPGOD5B7YK,Ginger Molasses Cookie to Go,,,6852327,,Cookies by the Piece to Go,Cookies by the Piece to Go,,,,,visible,Prepared food and beverage,,,,,,,Y,4.50,,N,,N,,N,,,,,,Y,,,,,,Y,,,,,,Y,,,,,,N,N,N,N,N,N,N,N,N,N,N,N
#gold-topper-,5AGLYKHV5RO4UZBVOAQX4KEO,Gold Topper,,,1619420,,Add-ons to Go,Add-ons to Go,,,,,visible,Prepared food and beverage,,,,,,,Y,6.50,,N,,N,,N,,,,,,Y,,,,,,Y,,,,,,Y,,,,,,N,N,N,N,N,N,N,N,N,N,N,N
#graduation-cake-7inch,LENDN5NSZXKJBFZJBGU4TRGY,Graduation Cake,7inch,,284569D,,Special Cake to Go,Special Cake to Go,,,,,visible,Prepared food and beverage,,,,,,,Y,65.00,,N,,N,,N,,,,,,Y,,,,,,Y,,,,,,Y,,,,,,N,N,N,N,N,N,N,N,N,N,N,N
#graduation-cake-8inch,7M7CLDPMH5QXGOVD7KHOYT5T,Graduation Cake,8inch,,9070377,,Special Cake to Go,Special Cake to Go,,,,,visible,Prepared food and beverage,,,,,,,,70.00,,N,,,,N,,,,,,Y,,,,,,Y,,,,,,Y,,,,,,N,N,N,N,N,N,N,N,N,N,N,N
#graduation-cake-10inch,OFHKRUMJ2F4AESSWAVDPDX7I,Graduation Cake,10inch,,618623T,,Special Cake to Go,Special Cake to Go,,,,,visible,Prepared food and beverage,,,,,,,,80.00,,N,,,,N,,,,,,Y,,,,,,Y,,,,,,Y,,,,,,N,N,N,N,N,N,N,N,N,N,N,N
#greek-almond-cookie-to-go-,7H57EMNFXL4CEXOJ47BPVVGF,Greek Almond Cookie to Go,,Pound 1.000,5624379,,Cookies by the Pound to Go,Cookies by the Pound to Go,,,,,visible,Prepared food and beverage,,,,,,,Y,24.00,,N,,N,,N,,,,,,Y,,,,,,Y,,,,,,Y,,,,,,N,N,N,N,N,N,N,N,N,N,N,N
#greek-coffee-ts--,2AW752RMNCAGZBEGM5NJ6SVG,Greek Coffee (TS),,,9786363,,Hot Drinks to Stay,Hot Drinks to Stay,,,,,visible,Prepared food and beverage,,,,,,,Y,4.50,,N,,N,,N,,,,,,Y,,,,,,Y,,,,,,Y,,,,,,N,N,N,N,Y,N,N,N,N,N,N,Y
#greek-coffee-to-go-,CRGMLOELZHPXTBF4JCU5PHEY,Greek Coffee to Go,,,N261611,,Hot Drinks to Go,Hot Drinks to Go,,,,,visible,Prepared food and beverage,,,,,,,Y,3.67,,N,,N,,N,,,,,,Y,,,,,,Y,,,,,,Y,,,,,,N,N,N,N,Y,N,N,N,N,N,N,N
#greek-float-small,NIDK4PJBH2EP5WCUAHNMGUUQ,Greek Float,Small,,734523N,,Cold Drinks to Go,Cold Drinks to Go,,,,,visible,Prepared food and beverage,,,,,,,Y,5.05,,N,,N,,N,,,,,,Y,,,,,,Y,,,,,,Y,,,,,,N,N,N,N,N,N,N,N,N,N,N,N
#greek-float-large,Q7EJDX75KT4XVOJ4DDI4WOLE,Greek Float,Large,,H878739,,Cold Drinks to Go,Cold Drinks to Go,,,,,visible,Prepared food and beverage,,,,,,,,6.05,,N,,,,N,,,,,,Y,,,,,,Y,,,,,,Y,,,,,,N,N,N,N,N,N,N,N,N,N,N,N
#greek-frappe-small,CLHSYXAHB7DI5CDDPTQGLEUC,Greek Frappe,Small,,L922964,,Cold Drinks to Go,Cold Drinks to Go,,,,,visible,Prepared food and beverage,,,,,,,Y,3.67,,N,,N,,N,,,,,,Y,,,,,,Y,,,,,,Y,,,,,,N,N,N,N,N,N,N,N,N,N,N,N
#greek-frappe-large,7QSC5PG7UFERIVVMAJH3LKX7,Greek Frappe,Large,,414118R,,Cold Drinks to Go,Cold Drinks to Go,,,,,visible,Prepared food and beverage,,,,,,,,4.67,,N,,,,N,,,,,,Y,,,,,,Y,,,,,,Y,,,,,,N,N,N,N,N,N,N,N,N,N,N,N
#ham-and-cheese-croissant-ts--,Y5AFRSXEWIEW5U6H4AEO7I4S,Ham and Cheese Croissant (TS),,,D442154,,Croissant to Stay,Croissant to Stay,,,,,visible,Prepared food and beverage,,,,,,,Y,6.50,,N,,N,,N,,,,,,Y,,,,,,Y,,,,,,Y,,,,,,N,N,N,N,N,N,N,N,N,N,N,Y
#ham-and-cheese-croissant-to-go-,JFONILUISBTFBBFLBFIFDJL2,Ham and Cheese Croissant to Go,,,1942510,,Croissant to Go,Croissant to Go,,,,,visible,Prepared food and beverage,,,,,,,Y,5.95,,N,,N,,N,,,,,,Y,,,,,,Y,,,,,,Y,,,,,,N,N,N,N,N,N,N,N,N,N,N,N
#hamantash-to-go-,N5A3WJTOHJT7U6P3A7S3PRZS,Hamantash to Go,,,J763419,,Cookies by the Piece to Go,Cookies by the Piece to Go,,,,,visible,Prepared food and beverage,,,,,,,Y,2.95,,N,,N,,N,,,,,,Y,,,,,,Y,,,,,,Y,,,,,,N,N,N,N,N,N,N,N,N,N,N,N
#heavenly-brownie-,R4FZHRV62X3AHSYEMS6HQD2P,Heavenly Brownie,,,M849555,,Brownies to Go,Brownies to Go,,,,,visible,Prepared food and beverage,,,,,,,Y,6.95,,N,,N,,N,,,,,,Y,,,,,,Y,,,,,,Y,,,,,,N,N,N,N,N,N,N,N,N,N,N,N
#honey-walnut-to-go-,JN7O3F232EGTRC3RYVYKLG77,Honey Walnut to Go,,Pound 1.000,8704364,,Cookies by the Pound to Go,Cookies by the Pound to Go,,,,,visible,Prepared food and beverage,,,,,,,Y,24.00,,N,,N,,N,,,,,,Y,,,,,,Y,,,,,,Y,,,,,,N,N,N,N,N,N,N,N,N,N,N,N
#hot-apple-cider-ts--,FOULZKWPYPLNCQLS35WIIUXT,Hot Apple Cider (TS),,,771035D,,Hot Drinks to Stay,Hot Drinks to Stay,,,,,visible,Prepared food and beverage,,,,,,,Y,4.75,,N,,N,,N,,,,,,Y,,,,,,Y,,,,,,Y,,,,,,N,N,N,N,Y,N,N,N,N,N,N,Y
#hot-apple-cider-to-go-small,XLG7CVCGD2KKUMN3UKAY3U3T,Hot Apple Cider to Go,Small,,J040149,,Hot Drinks to Go,Hot Drinks to Go,,,,,visible,Prepared food and beverage,,,,,,,Y,3.90,,N,,N,,N,,,,,,Y,,,,,,Y,,,,,,Y,,,,,,N,N,N,N,Y,N,N,N,N,N,N,N
#hot-apple-cider-to-go-large,T3PZ2L2WIQ4RPO7Z3DSSULXT,Hot Apple Cider to Go,Large,,M830982,,Hot Drinks to Go,Hot Drinks to Go,,,,,visible,Prepared food and beverage,,,,,,,,4.40,,N,,,,N,,,,,,Y,,,,,,Y,,,,,,Y,,,,,,N,N,N,N,Y,N,N,N,N,N,N,N
#hot-chocolate-ts--,LXDYNG23FZ6AU2DFUT47BFJ4,Hot Chocolate (TS),,,8196260,,Hot Drinks to Stay,Hot Drinks to Stay,,,,,visible,Prepared food and beverage,,,,,,,Y,5.50,,N,,N,,N,,,,,,Y,,,,,,Y,,,,,,Y,,,,,,N,N,N,N,Y,N,N,N,N,N,N,Y
#hot-chocolate-to-go-small,P53R74ESQOCWSOPGAL23LLY5,Hot Chocolate to Go,Small,,2482025,,Hot Drinks to Go,Hot Drinks to Go,,,,,visible,Prepared food and beverage,,,,,,,Y,4.59,,N,,N,,N,,,,,,Y,,,,,,Y,,,,,,Y,,,,,,N,N,N,N,Y,N,N,N,N,N,N,N
#hot-chocolate-to-go-large,OV2HE3KSGMJS4KY2M6EG35CV,Hot Chocolate to Go,Large,,X765070,,Hot Drinks to Go,Hot Drinks to Go,,,,,visible,Prepared food and beverage,,,,,,,,5.59,,N,,,,N,,,,,,Y,,,,,,Y,,,,,,Y,,,,,,N,N,N,N,Y,N,N,N,N,N,N,N
#ice-cream-add-on-ts--,3VVRVESCGFWRYA5XUJIGO3UV,Ice Cream Add-on (TS),,,7246555,,Add-ons to Stay,Add-ons to Stay,,,,,visible,Prepared food and beverage,,,,,,,Y,3.50,,N,,N,,N,,,,,,Y,,,,,,Y,,,,,,Y,,,,,,N,N,N,N,N,N,N,N,N,N,N,Y
#ice-cream-add-on-to-go-,XMLMLT4KVZHOF3N2H5N5VHMM,Ice Cream Add-on to Go,,,G491303,,Add-ons to Go,Add-ons to Go,,,,,visible,Prepared food and beverage,,,,,,,Y,2.75,,N,,N,,N,,,,,,Y,,,,,,Y,,,,,,Y,,,,,,N,N,N,N,N,N,N,N,N,N,N,N
#iced-americano-small,6ZDUQFM3MNQ22ERTSOHM5F3G,Iced Americano,Small,,807777J,,Cold Drinks to Go,Cold Drinks to Go,,,,,visible,Prepared food and beverage,,,,,,,Y,4.36,,N,,N,,N,,,,,,Y,,,,,,Y,,,,,,Y,,,,,,N,N,N,N,N,N,N,N,N,N,N,N
#iced-americano-large,JAZ72OATCIYSXTR35NZYBR4E,Iced Americano,Large,,G520164,,Cold Drinks to Go,Cold Drinks to Go,,,,,visible,Prepared food and beverage,,,,,,,,5.11,,N,,,,N,,,,,,Y,,,,,,Y,,,,,,Y,,,,,,N,N,N,N,N,N,N,N,N,N,N,N
#iced-apple-cider-small,5N4PAK5DV2ZIG64PBERLQU6H,Iced Apple Cider,Small,,2084142,,Cold Drinks to Go,Cold Drinks to Go,,,,,visible,Prepared food and beverage,,,,,,,Y,4.13,,N,,N,,N,,,,,,Y,,,,,,Y,,,,,,Y,,,,,,N,N,N,N,N,N,N,N,N,N,N,N
#iced-apple-cider-large,TPBPLWPV5W66725V6MLQ54UM,Iced Apple Cider,Large,,707370J,,Cold Drinks to Go,Cold Drinks to Go,,,,,visible,Prepared food and beverage,,,,,,,,4.88,,N,,,,N,,,,,,Y,,,,,,Y,,,,,,Y,,,,,,N,N,N,N,N,N,N,N,N,N,N,N
#iced-chai-latte-small,R67VYSLJX5GW3MSZKYOMVLVZ,Iced Chai Latte,Small,,2549233,,Cold Drinks to Go,Cold Drinks to Go,,,,,visible,Prepared food and beverage,,,,,,,Y,5.05,,N,,N,,N,,,,,,Y,,,,,,Y,,,,,,Y,,,,,,N,N,N,N,N,N,N,N,N,N,N,N
#iced-chai-latte-large,LKOO4TKGKC5J5TSW2PDWIZ5A,Iced Chai Latte,Large,,5473460,,Cold Drinks to Go,Cold Drinks to Go,,,,,visible,Prepared food and beverage,,,,,,,,6.05,,N,,,,N,,,,,,Y,,,,,,Y,,,,,,Y,,,,,,N,N,N,N,N,N,N,N,N,N,N,N
#iced-coffee-small,OY7SMW7T3Q6GNQXAMOSU6BFJ,Iced Coffee,Small,,498176Q,,Cold Drinks to Go,Cold Drinks to Go,,,,,visible,Prepared food and beverage,,,,,,,Y,3.67,,N,,N,,N,,,,,,Y,,,,,,Y,,,,,,Y,,,,,,N,N,N,N,N,N,N,N,N,N,N,N
#iced-coffee-large,IHGG2GBJODS2XIIZ3D5BNRT7,Iced Coffee,Large,,416867A,,Cold Drinks to Go,Cold Drinks to Go,,,,,visible,Prepared food and beverage,,,,,,,,4.36,,N,,,,N,,,,,,Y,,,,,,Y,,,,,,Y,,,,,,N,N,N,N,N,N,N,N,N,N,N,N
#iced-decaf-small,NI2G7OO3CVHNE7C74OHQMEQF,Iced Decaf,Small,,824515R,,Cold Drinks to Go,Cold Drinks to Go,,,,,visible,Prepared food and beverage,,,,,,,Y,3.67,,N,,N,,N,,,,,,Y,,,,,,Y,,,,,,Y,,,,,,N,N,N,N,N,N,N,N,N,N,N,N
#iced-decaf-large,M72TXKIPHEXE5PYTLBGDIZXC,Iced Decaf,Large,,925172H,,Cold Drinks to Go,Cold Drinks to Go,,,,,visible,Prepared food and beverage,,,,,,,,4.42,,N,,,,N,,,,,,Y,,,,,,Y,,,,,,Y,,,,,,N,N,N,N,N,N,N,N,N,N,N,N
#iced-latte-small,3VDJGKQH7UABBH5ZZ7UMK4XM,Iced Latte,Small,,W363948,,Cold Drinks to Go,Cold Drinks to Go,,,,,visible,Prepared food and beverage,,,,,,,Y,5.51,,N,,N,,N,,,,,,Y,,,,,,Y,,,,,,Y,,,,,,N,N,N,N,N,N,N,N,N,N,N,N
#iced-latte-large,3D2VWUQVVXCYW3AJEJIDCCMH,Iced Latte,Large,,4203930,,Cold Drinks to Go,Cold Drinks to Go,,,,,visible,Prepared food and beverage,,,,,,,,6.51,,N,,,,N,,,,,,Y,,,,,,Y,,,,,,Y,,,,,,N,N,N,N,N,N,N,N,N,N,N,N
#iced-matcha-small,K2NLK7LSOMJR5KLF55ZGQBAN,Iced Matcha,Small,,Z109457,,Cold Drinks to Go,Cold Drinks to Go,,,,,visible,Prepared food and beverage,,,,,,,Y,5.05,,N,,N,,N,,,,,,Y,,,,,,Y,,,,,,Y,,,,,,N,N,N,N,N,N,N,N,N,N,N,N
#iced-matcha-large,YBAZNRT52M66J34XE65FLSBO,Iced Matcha,Large,,640945Z,,Cold Drinks to Go,Cold Drinks to Go,,,,,visible,Prepared food and beverage,,,,,,,,6.05,,N,,,,N,,,,,,Y,,,,,,Y,,,,,,Y,,,,,,N,N,N,N,N,N,N,N,N,N,N,N
#iced-matcha-latte-small,NMF6WJSQBKZNSHVYYEKBJLZQ,Iced Matcha Latte,Small,,867595T,,Cold Drinks to Go,Cold Drinks to Go,,,,,visible,Prepared food and beverage,,,,,,,Y,5.51,,N,,N,,N,,,,,,Y,,,,,,Y,,,,,,Y,,,,,,N,N,N,N,N,N,N,N,N,N,N,N
#iced-matcha-latte-large,UU57XQPJ2GPSIYIKVFIYR7ZQ,Iced Matcha Latte,Large,,S358094,,Cold Drinks to Go,Cold Drinks to Go,,,,,visible,Prepared food and beverage,,,,,,,,6.51,,N,,,,N,,,,,,Y,,,,,,Y,,,,,,Y,,,,,,N,N,N,N,N,N,N,N,N,N,N,N
#iced-mocha-small,U3IBI3JKDPLX4WILFU2QEPEM,Iced Mocha,Small,,735305M,,Cold Drinks to Go,Cold Drinks to Go,,,,,visible,Prepared food and beverage,,,,,,,Y,5.51,,N,,N,,N,,,,,,Y,,,,,,Y,,,,,,Y,,,,,,N,N,N,N,N,N,N,N,N,N,N,N
#iced-mocha-large,E22G3ME67RZWJ6JR3ZY4BUQB,Iced Mocha,Large,,B744816,,Cold Drinks to Go,Cold Drinks to Go,,,,,visible,Prepared food and beverage,,,,,,,,6.51,,N,,,,N,,,,,,Y,,,,,,Y,,,,,,Y,,,,,,N,N,N,N,N,N,N,N,N,N,N,N
#iced-tea-small,OZMZ6QGYDTP5F2X53A4PMSQJ,Iced Tea,Small,,827572Y,,Cold Drinks to Go,Cold Drinks to Go,,,,,visible,Prepared food and beverage,,,,,,,Y,3.67,,N,,N,,N,,,,,,Y,,,,,,Y,,,,,,Y,,,,,,N,N,N,N,N,N,N,N,N,N,N,N
#iced-tea-large,GCOIWOYRHRVBND4CXBXDVBDR,Iced Tea,Large,,6447421,,Cold Drinks to Go,Cold Drinks to Go,,,,,visible,Prepared food and beverage,,,,,,,,4.59,,N,,,,N,,,,,,Y,,,,,,Y,,,,,,Y,,,,,,N,N,N,N,N,N,N,N,N,N,N,N
#key-lime-pie-ts--,3PGZYD3BZ4SJRBT6BK2SITTZ,Key Lime Pie (TS),,,6689640,,Pies to Stay,Pies to Stay,,,,,visible,Prepared food and beverage,,,,,,,Y,9.25,,N,,N,,N,,,,,,Y,,,,,,Y,,,,,,Y,,,,,,N,N,N,N,N,N,N,N,N,N,N,Y
#key-lime-pie-to-go-slice,KPTUIRM6IKTGU7SXM5FF3NIK,Key Lime Pie to Go,Slice,,5015307,,Pies to Go,Pies to Go,,,,,visible,Prepared food and beverage,,,,,,,Y,8.75,,N,,N,,N,,,,,,Y,,,,,,Y,,,,,,Y,,,,,,N,N,N,N,N,N,N,N,N,N,N,N
#key-lime-pie-to-go-8inch,PCW442BC2AKWIPRY3FQA6OEG,Key Lime Pie to Go,8inch,,H860181,,Pies to Go,Pies to Go,,,,,visible,Prepared food and beverage,,,,,,,,29.00,,N,,,,N,,,,,,Y,,,,,,Y,,,,,,Y,,,,,,N,N,N,N,N,N,N,N,N,N,N,N
#key-lime-pie-to-go-10inch,RYNM2GUUI2XOU4HO6JDE64QM,Key Lime Pie to Go,10inch,,7163596,,Pies to Go,Pies to Go,,,,,visible,Prepared food and beverage,,,,,,,,38.00,,N,,,,N,,,,,,Y,,,,,,Y,,,,,,Y,,,,,,N,N,N,N,N,N,N,N,N,N,N,N
#latte-ts--,GZGDIJILY5UGZ36GEDGV7DWW,Latte (TS),,,277223Y,,Hot Drinks to Stay,Hot Drinks to Stay,,,,,visible,Prepared food and beverage,,,,,,,Y,6.25,,N,,N,,N,,,,,,Y,,,,,,Y,,,,,,Y,,,,,,N,N,N,N,Y,N,N,N,N,N,N,Y
#latte-to-go-small,FXO2HVDVGKS52ALAGWDJIJXP,Latte to Go,Small,,H078463,,Hot Drinks to Go,Hot Drinks to Go,,,,,visible,Prepared food and beverage,,,,,,,Y,4.82,,N,,N,,N,,,,,,Y,,,,,,Y,,,,,,Y,,,,,,N,N,N,N,Y,N,N,N,N,N,N,N
#latte-to-go-large,VJF27FNTTSIPLSNXVW6K6JW3,Latte to Go,Large,,C107786,,Hot Drinks to Go,Hot Drinks to Go,,,,,visible,Prepared food and beverage,,,,,,,,5.82,,N,,,,N,,,,,,Y,,,,,,Y,,,,,,Y,,,,,,N,N,N,N,Y,N,N,N,N,N,N,N
#lava-cake-,TKRD3YHYYQKDWVUXUZ45E224,Lava Cake,,,8905935,,Brownies to Go,Brownies to Go,,,,,visible,Prepared food and beverage,,,,,,,Y,7.25,,N,,N,,N,,,,,,Y,,,,,,Y,,,,,,Y,,,,,,N,N,N,N,N,N,N,N,N,N,N,N
#lemon-bar-,U5N574AEUPDROI4ARG3ZNEQ2,Lemon Bar,,,149423D,,Brownies to Go,Brownies to Go,,,,,visible,Prepared food and beverage,,,,,,,Y,5.95,,N,,N,,N,,,,,,Y,,,,,,Y,,,,,,Y,,,,,,N,N,N,N,N,N,N,N,N,N,N,N
#lemon-blueberry-bundt-cake-ts--,CAAKQDHVIM7DOGOE7JAIOVMN,Lemon Blueberry Bundt Cake (TS),,,8482372,,Pound Cake to Stay,Pound Cake to Stay,,,,,visible,Prepared food and beverage,,,,,,,Y,4.75,,N,,N,,N,,,,,,Y,,,,,,Y,,,,,,Y,,,,,,N,N,N,N,N,N,N,N,N,N,N,Y
#lemon-blueberry-bundt-cake-to-go-slice,R5HSLY2FYGY6OAOXAOPDB2Q5,Lemon Blueberry Bundt Cake to Go,Slice,,G148293,,Pound Cake to Go,Pound Cake to Go,,,,,visible,Prepared food and beverage,,,,,,,Y,4.75,,N,,N,,N,,,,,,Y,,,,,,Y,,,,,,Y,,,,,,N,N,N,N,N,N,N,N,N,N,N,N
#lemon-blueberry-bundt-cake-to-go-loaf,SF2UFUPRXCAX6OJQGPMYBU2N,Lemon Blueberry Bundt Cake to Go,Loaf,,612629W,,Pound Cake to Go,Pound Cake to Go,,,,,visible,Prepared food and beverage,,,,,,,,30.00,,N,,,,N,,,,,,Y,,,,,,Y,,,,,,Y,,,,,,N,N,N,N,N,N,N,N,N,N,N,N
#lemon-blueberry-cake-slice,SIO7WY5MUBMEYEO6MULJYQZL,Lemon Blueberry Cake,Slice,,3551288,,Cakes to Go,Cakes to Go,,,,,visible,Prepared food and beverage,,,,,,,Y,8.95,,N,,N,,N,,,,,,Y,,,,,,Y,,,,,,Y,,,,,,N,N,N,N,N,N,N,N,N,N,N,N
#lemon-blueberry-cake-7inch,YIZ7NI5RSKHQRALX6FNENBIP,Lemon Blueberry Cake,7inch,,G842382,,Cakes to Go,Cakes to Go,,,,,visible,Prepared food and beverage,,,,,,,,50.00,,N,,,,N,,,,,,Y,,,,,,Y,,,,,,Y,,,,,,N,N,N,N,N,N,N,N,N,N,N,N
#lemon-blueberry-cake-8inch,UFUHL4YKBR7YAN5H7LOMMBSP,Lemon Blueberry Cake,8inch,,K823476,,Cakes to Go,Cakes to Go,,,,,visible,Prepared food and beverage,,,,,,,,54.00,,N,,,,N,,,,,,Y,,,,,,Y,,,,,,Y,,,,,,N,N,N,N,N,N,N,N,N,N,N,N
#lemon-blueberry-cake-10inch,VLZIT7LAQV5I56TYASS4VBFK,Lemon Blueberry Cake,10inch,,6539595,,Cakes to Go,Cakes to Go,,,,,visible,Prepared food and beverage,,,,,,,,65.00,,N,,,,N,,,,,,Y,,,,,,Y,,,,,,Y,,,,,,N,N,N,N,N,N,N,N,N,N,N,N
#lemon-blueberry-cake-qs,OAGYLCRN444HZ7DDOCO3JJLG,Lemon Blueberry Cake,QS,,203449R,,Cakes to Go,Cakes to Go,,,,,visible,Prepared food and beverage,,,,,,,,100.00,,N,,,,N,,,,,,Y,,,,,,Y,,,,,,Y,,,,,,N,N,N,N,N,N,N,N,N,N,N,N
#lemon-blueberry-cake-hs,H23R3FZPB6DSZSERCUPCCLFB,Lemon Blueberry Cake,HS,,8480868,,Cakes to Go,Cakes to Go,,,,,visible,Prepared food and beverage,,,,,,,,175.00,,N,,,,N,,,,,,Y,,,,,,Y,,,,,,Y,,,,,,N,N,N,N,N,N,N,N,N,N,N,N
#lemon-blueberry-cake-fs,IXFDNTIMIFTE4HU6RVIKTSMN,Lemon Blueberry Cake,FS,,V484353,,Cakes to Go,Cakes to Go,,,,,visible,Prepared food and beverage,,,,,,,,240.00,,N,,,,N,,,,,,Y,,,,,,Y,,,,,,Y,,,,,,N,N,N,N,N,N,N,N,N,N,N,N
#lemon-bundt-cake-ts--,7GHGD273IKPFZMILKVG363NQ,Lemon Bundt Cake (TS),,,6959325,,Pound Cake to Stay,Pound Cake to Stay,,,,,visible,Prepared food and beverage,,,,,,,Y,4.75,,N,,N,,N,,,,,,Y,,,,,,Y,,,,,,Y,,,,,,N,N,N,N,N,N,N,N,N,N,N,Y
#lemon-bundt-cake-to-go-slice,EDA6SENPXKLJ7YESKRT3J56J,Lemon Bundt Cake to Go,Slice,,1514100,,Pound Cake to Go,Pound Cake to Go,,,,,visible,Prepared food and beverage,,,,,,,Y,4.75,,N,,N,,N,,,,,,Y,,,,,,Y,,,,,,Y,,,,,,N,N,N,N,N,N,N,N,N,N,N,N
#lemon-bundt-cake-to-go-loaf,NSUMXOPWQ3YO7A4GOK4EFG45,Lemon Bundt Cake to Go,Loaf,,A280052,,Pound Cake to Go,Pound Cake to Go,,,,,visible,Prepared food and beverage,,,,,,,,30.00,,N,,,,N,,,,,,Y,,,,,,Y,,,,,,Y,,,,,,N,N,N,N,N,N,N,N,N,N,N,N
#lemon-coconut-cupcake-ts--,5UWLEWRODZFIDKUSZO7S5COR,Lemon Coconut Cupcake (TS),,,X322888,,Cupcakes to Stay,Cupcakes to Stay,,,,,visible,Prepared food and beverage,,,,,,,Y,4.50,,N,,N,,N,,,,,,Y,,,,,,Y,,,,,,Y,,,,,,N,N,N,N,N,N,N,N,N,N,N,Y
#lemon-coconut-cupcake-to-go-,GTYPPAZVW4TUCNZWYBBQUPQY,Lemon Coconut Cupcake to Go,,,960379L,,Cupcakes to Go,Cupcakes to Go,,,,,visible,Prepared food and beverage,,,,,,,Y,4.25,,N,,N,,N,,,,,,Y,,,,,,Y,,,,,,Y,,,,,,N,N,N,N,N,N,N,N,N,N,N,N
#lemon-meringue-ts--,6DFDRTNWKIKY2HFPWULQW66A,Lemon Meringue (TS),,,273342X,,Tarts to Stay,Tarts to Stay,,,,,visible,Prepared food and beverage,,,,,,,Y,9.50,,N,,N,,N,,,,,,Y,,,,,,Y,,,,,,Y,,,,,,N,N,N,N,N,N,N,N,N,N,N,Y
#lemon-meringue-tart-to-go-4inch,25KM7JVBXDHICJ55BUTZQ67R,Lemon Meringue Tart to Go,4inch,,417967E,,Tarts to Go,Tarts to Go,,,,,visible,Prepared food and beverage,,,,,,,Y,8.50,,N,,N,,N,,,,,,Y,,,,,,Y,,,,,,Y,,,,,,N,N,N,N,N,N,N,N,N,N,N,N
#lemon-meringue-tart-to-go-10inch,6Y3K5UVLEI3E6IKUNFD4FUBW,Lemon Meringue Tart to Go,10inch,,537360T,,Tarts to Go,Tarts to Go,,,,,visible,Prepared food and beverage,,,,,,,,40.00,,N,,,,N,,,,,,Y,,,,,,Y,,,,,,Y,,,,,,N,N,N,N,N,N,N,N,N,N,N,N
#lemon-raspberry-ts--,JQN3HVYNUJY4OPABRJFAR42B,Lemon Raspberry (TS),,,6344455,,Tarts to Stay,Tarts to Stay,,,,,visible,Prepared food and beverage,,,,,,,Y,9.50,,N,,N,,N,,,,,,Y,,,,,,Y,,,,,,Y,,,,,,N,N,N,N,N,N,N,N,N,N,N,Y
#lemon-raspberry-tart-to-go-4inch,646EFSIAC3SALKG5DQDPJLWT,Lemon Raspberry Tart to Go,4inch,,R269446,,Tarts to Go,Tarts to Go,,,,,visible,Prepared food and beverage,,,,,,,Y,8.50,,N,,N,,N,,,,,,Y,,,,,,Y,,,,,,Y,,,,,,N,N,N,N,N,N,N,N,N,N,N,N
#lemon-raspberry-tart-to-go-10inch,3DLZEY6JNFEF7YONX57HFBP6,Lemon Raspberry Tart to Go,10inch,,E367852,,Tarts to Go,Tarts to Go,,,,,visible,Prepared food and beverage,,,,,,,,38.00,,N,,,,N,,,,,,Y,,,,,,Y,,,,,,Y,,,,,,N,N,N,N,N,N,N,N,N,N,N,N
#lemonade-,JOENRPFQHMAH2VRDY5YB5CGZ,Lemonade,,,N032832,,Cold Drinks to Go,Cold Drinks to Go,,,,,visible,Prepared food and beverage,,,,,,,Y,3.75,,N,,N,,N,,,,,,Y,,,,,,Y,,,,,,Y,,,,,,N,N,N,N,N,N,N,N,N,N,N,N
#linzer-tart-to-go-,GJRPROJSYKP7C4YJPYLWNOFK,Linzer Tart to Go,,,806214T,,Cookies by the Piece to Go,Cookies by the Piece to Go,,,,,visible,Prepared food and beverage,,,,,,,Y,3.95,,N,,N,,N,,,,,,Y,,,,,,Y,,,,,,Y,,,,,,N,N,N,N,N,N,N,N,N,N,N,N
#lobster-tail-,6JZZBOS3DPZGE55XMUER3NKG,Lobster Tail,,,6090640,,Brownies to Go,Brownies to Go,,,,,visible,Prepared food and beverage,,,,,,,Y,8.75,,N,,N,,N,,,,,,Y,,,,,,Y,,,,,,Y,,,,,,N,N,N,N,N,N,N,N,N,N,N,N
#macchiato-ts--,OT2O5WR7UII5ZJXDT7YO2TGL,Macchiato (TS),,,8118358,,Hot Drinks to Stay,Hot Drinks to Stay,,,,,visible,Prepared food and beverage,,,,,,,Y,5.00,,N,,N,,N,,,,,,Y,,,,,,Y,,,,,,Y,,,,,,N,N,N,N,Y,N,N,N,N,N,N,Y
#macchiato-to-go-small,SQBDM6BQH2H5CF7HWPXLJYKM,Macchiato to Go,Small,,Y067841,,Hot Drinks to Go,Hot Drinks to Go,,,,,visible,Prepared food and beverage,,,,,,,Y,3.22,,N,,N,,N,,,,,,Y,,,,,,Y,,,,,,Y,,,,,,N,N,N,N,Y,N,N,N,N,N,N,N
#macchiato-to-go-large,YJ3OYOLL53TGVZTD7KGQ3PVF,Macchiato to Go,Large,,920652W,,Hot Drinks to Go,Hot Drinks to Go,,,,,visible,Prepared food and beverage,,,,,,,,4.22,,N,,,,N,,,,,,Y,,,,,,Y,,,,,,Y,,,,,,N,N,N,N,Y,N,N,N,N,N,N,N
#marble-pound-cake-ts--,BM24ESTAC2NUGLKTEELIMCZI,Marble Pound Cake (TS),,,4117606,,Pound Cake to Stay,Pound Cake to Stay,,,,,visible,Prepared food and beverage,,,,,,,Y,3.75,,N,,N,,N,,,,,,Y,,,,,,Y,,,,,,Y,,,,,,N,N,N,N,N,N,N,N,N,N,N,Y
#marble-pound-cake-to-go-slice,6E7QDRRPRU23IPVPGSBRJFR4,Marble Pound Cake to Go,Slice,,3648593,,Pound Cake to Go,Pound Cake to Go,,,,,visible,Prepared food and beverage,,,,,,,Y,3.75,,N,,N,,N,,,,,,Y,,,,,,Y,,,,,,Y,,,,,,N,N,N,N,N,N,N,N,N,N,N,N
#marble-pound-cake-to-go-loaf,OJGW4KM6IG56LSFRN3S5R36F,Marble Pound Cake to Go,Loaf,,251136Y,,Pound Cake to Go,Pound Cake to Go,,,,,visible,Prepared food and beverage,,,,,,,,6.50,,N,,,,N,,,,,,Y,,,,,,Y,,,,,,Y,,,,,,N,N,N,N,N,N,N,N,N,N,N,N
#matcha-ts--,LWMJBUXDPXQG2JCXP5ZAI4IN,Matcha (TS),,,4465774,,Hot Drinks to Stay,Hot Drinks to Stay,,,,,visible,Prepared food and beverage,,,,,,,Y,5.75,,N,,N,,N,,,,,,Y,,,,,,Y,,,,,,Y,,,,,,N,N,N,N,Y,N,N,N,N,N,N,Y
#matcha-latte-ts--,RNO2ZMA7TTTPZBCXVT4CWP3N,Matcha Latte (TS),,,W520322,,Hot Drinks to Stay,Hot Drinks to Stay,,,,,visible,Prepared food and beverage,,,,,,,Y,6.25,,N,,N,,N,,,,,,Y,,,,,,Y,,,,,,Y,,,,,,N,N,N,N,Y,N,N,N,N,N,N,Y
#matcha-latte-to-go-small,H6M5ZHWGK4MVT4OSDEUWPYOA,Matcha Latte to Go,Small,,7581253,,Hot Drinks to Go,Hot Drinks to Go,,,,,visible,Prepared food and beverage,,,,,,,Y,5.05,,N,,N,,N,,,,,,Y,,,,,,Y,,,,,,Y,,,,,,N,N,N,N,Y,N,N,N,N,N,N,N
#matcha-latte-to-go-large,BJAZPLKWXX4LBWMHOIJPOSM3,Matcha Latte to Go,Large,,261966Q,,Hot Drinks to Go,Hot Drinks to Go,,,,,visible,Prepared food and beverage,,,,,,,,6.05,,N,,,,N,,,,,,Y,,,,,,Y,,,,,,Y,,,,,,N,N,N,N,Y,N,N,N,N,N,N,N
#matcha-to-go-small,DW6SSRFLVZ2I6ZPB2SIAGI2T,Matcha to Go,Small,,580108M,,Hot Drinks to Go,Hot Drinks to Go,,,,,visible,Prepared food and beverage,,,,,,,Y,4.36,,N,,N,,N,,,,,,Y,,,,,,Y,,,,,,Y,,,,,,N,N,N,N,Y,N,N,N,N,N,N,N
#matcha-to-go-large,L34FAGAHWFNMUE7RL5NAGGK2,Matcha to Go,Large,,469861D,,Hot Drinks to Go,Hot Drinks to Go,,,,,visible,Prepared food and beverage,,,,,,,,4.86,,N,,,,N,,,,,,Y,,,,,,Y,,,,,,Y,,,,,,N,N,N,N,Y,N,N,N,N,N,N,N
#milk-,CEPZHK4FL6LY6AYDRWDIM2XA,Milk,,,D322107,,Cold Drinks to Go,Cold Drinks to Go,,,,,visible,Prepared food and beverage,,,,,,,Y,2.53,,N,,N,,N,,,,,,Y,,,,,,Y,,,,,,Y,,,,,,N,N,N,N,N,N,N,N,N,N,N,N
#milkshake-,4VDH6AJIZN2BYOPKY7CPJC5Q,Milkshake,,,J764613,,Cold Drinks to Go,Cold Drinks to Go,,,,,visible,Prepared food and beverage,,,,,,,Y,6.38,,N,,N,,N,,,,,,Y,,,,,,Y,,,,,,Y,,,,,,N,N,N,N,N,N,N,N,N,N,N,N
#mini-cannoli-ts--,XU4ZE4A5O4HJJPQ72JGLQJ4W,Mini Cannoli (TS),,,792554F,,Cookies by the Piece to Stay,Cookies by the Piece to Stay,,,,,visible,Prepared food and beverage,,,,,,,Y,4.25,,N,,N,,N,,,,,,Y,,,,,,Y,,,,,,Y,,,,,,N,N,N,N,N,N,N,N,N,N,N,Y
#mini-cannoli-to-go-,FEBGZMD5CDNIDOPEKCEGVWZX,Mini Cannoli to Go,,,224982S,,Cookies by the Piece to Go,Cookies by the Piece to Go,,,,,visible,Prepared food and beverage,,,,,,,Y,3.95,,N,,N,,N,,,,,,Y,,,,,,Y,,,,,,Y,,,,,,N,N,N,N,N,N,N,N,N,N,N,N
#mini-linzer-to-go-,EGQIN56XSNXOLFU7N36RZZ7A,Mini Linzer to Go,,Pound 1.000,157351E,,Cookies by the Pound to Go,Cookies by the Pound to Go,,,,,visible,Prepared food and beverage,,,,,,,Y,24.00,,N,,N,,N,,,,,,Y,,,,,,Y,,,,,,Y,,,,,,N,N,N,N,N,N,N,N,N,N,N,N
#mocha-tres-leches-cake-slice,KGXMTY3WOR2G7YINZUQXJ6EQ,Mocha Tres Leches Cake,Slice,,509186T,,Cakes to Go,Cakes to Go,,,,,visible,Prepared food and beverage,,,,,,,Y,8.95,,N,,N,,N,,,,,,Y,,,,,,Y,,,,,,Y,,,,,,N,N,N,N,N,N,N,N,N,N,N,N
#mocha-tres-leches-cake-7inch,IKMDV4T4EGIV3HFPPVRUCG6W,Mocha Tres Leches Cake,7inch,,461459J,,Cakes to Go,Cakes to Go,,,,,visible,Prepared food and beverage,,,,,,,,50.00,,N,,,,N,,,,,,Y,,,,,,Y,,,,,,Y,,,,,,N,N,N,N,N,N,N,N,N,N,N,N
#mocha-tres-leches-cake-8inch,LU36QDAMKMPB6M45CCO65DNH,Mocha Tres Leches Cake,8inch,,4816382,,Cakes to Go,Cakes to Go,,,,,visible,Prepared food and beverage,,,,,,,,60.00,,N,,,,N,,,,,,Y,,,,,,Y,,,,,,Y,,,,,,N,N,N,N,N,N,N,N,N,N,N,N
#mocha-tres-leches-cake-10inch,2YDXXD3BVUPXJQHWKHHV4BEF,Mocha Tres Leches Cake,10inch,,2072384,,Cakes to Go,Cakes to Go,,,,,visible,Prepared food and beverage,,,,,,,,70.00,,N,,,,N,,,,,,Y,,,,,,Y,,,,,,Y,,,,,,N,N,N,N,N,N,N,N,N,N,N,N
#mocha-tres-leches-cake-qs,RW7XG5QXJH2CN72R3LGPCPDY,Mocha Tres Leches Cake,QS,,985547Z,,Cakes to Go,Cakes to Go,,,,,visible,Prepared food and beverage,,,,,,,,120.00,,N,,,,N,,,,,,Y,,,,,,Y,,,,,,Y,,,,,,N,N,N,N,N,N,N,N,N,N,N,N
#mocha-tres-leches-cake-hs,CW2FDU3KFE3MHGPY7RFMOG27,Mocha Tres Leches Cake,HS,,172487K,,Cakes to Go,Cakes to Go,,,,,visible,Prepared food and beverage,,,,,,,,190.00,,N,,,,N,,,,,,Y,,,,,,Y,,,,,,Y,,,,,,N,N,N,N,N,N,N,N,N,N,N,N
#mocha-tres-leches-cake-fs,4MZTCF3RKFJZ62XLJ5Q7OYVP,Mocha Tres Leches Cake,FS,,906624S,,Cakes to Go,Cakes to Go,,,,,visible,Prepared food and beverage,,,,,,,,270.00,,N,,,,N,,,,,,Y,,,,,,Y,,,,,,Y,,,,,,N,N,N,N,N,N,N,N,N,N,N,N
#mystery-platter-cake-slice-7inch,OU7IF4NRW4EEJ26V26WEZJOK,Mystery Platter Cake Slice,7inch,,3526352,,Cakes to Go,Cakes to Go,,,,,visible,Prepared food and beverage,,,,,,,Y,50.00,,N,,N,,N,,,,,,Y,,,,,,Y,,,,,,Y,,,,,,N,N,N,N,N,N,N,N,N,N,N,N
#mystery-platter-cake-slice-slice,2CMAP4RPJA2WZCT2KOL7NPFG,Mystery Platter Cake Slice,Slice,,T262902,,Cakes to Go,Cakes to Go,,,,,visible,Prepared food and beverage,,,,,,,,70.00,,N,,,,N,,,,,,Y,,,,,,Y,,,,,,Y,,,,,,N,N,N,N,N,N,N,N,N,N,N,N
#mystery-platter-cake-slice-8inch,MWK7P55JHSGV4YAIEXGA3J67,Mystery Platter Cake Slice,8inch,,575091K,,Cakes to Go,Cakes to Go,,,,,visible,Prepared food and beverage,,,,,,,,54.00,,N,,,,N,,,,,,Y,,,,,,Y,,,,,,Y,,,,,,N,N,N,N,N,N,N,N,N,N,N,N
#mystery-platter-cake-slice-10inch,LWZKXQ2F67ZB75467SMCSNX3,Mystery Platter Cake Slice,10inch,,9069620,,Cakes to Go,Cakes to Go,,,,,visible,Prepared food and beverage,,,,,,,,65.00,,N,,,,N,,,,,,Y,,,,,,Y,,,,,,Y,,,,,,N,N,N,N,N,N,N,N,N,N,N,N
#mystery-platter-cake-slice-qs,CZFP2LNAU3EJ4STGOSRBNPAL,Mystery Platter Cake Slice,QS,,J446079,,Cakes to Go,Cakes to Go,,,,,visible,Prepared food and beverage,,,,,,,,100.00,,N,,,,N,,,,,,Y,,,,,,Y,,,,,,Y,,,,,,N,N,N,N,N,N,N,N,N,N,N,N
#mystery-platter-cake-slice-hs,R5UNU7PSF6FZVXX6Y267KTMY,Mystery Platter Cake Slice,HS,,G572390,,Cakes to Go,Cakes to Go,,,,,visible,Prepared food and beverage,,,,,,,,175.00,,N,,,,N,,,,,,Y,,,,,,Y,,,,,,Y,,,,,,N,N,N,N,N,N,N,N,N,N,N,N
#mystery-platter-cake-slice-fs,34L7OD3LFOXM322QWGPFDNR6,Mystery Platter Cake Slice,FS,,771947N,,Cakes to Go,Cakes to Go,,,,,visible,Prepared food and beverage,,,,,,,,240.00,,N,,,,N,,,,,,Y,,,,,,Y,,,,,,Y,,,,,,N,N,N,N,N,N,N,N,N,N,N,N
#nescafe-ts--,M5P3NIWHMIQIDEJB2IWCWWXB,Nescafe (TS),,,8161080,,Hot Drinks to Stay,Hot Drinks to Stay,,,,,visible,Prepared food and beverage,,,,,,,Y,5.25,,N,,N,,N,,,,,,Y,,,,,,Y,,,,,,Y,,,,,,N,N,N,N,Y,N,N,N,N,N,N,Y
#nescafe-to-go-small,CPVUVURSCBS6E5ORSDLSIWEM,Nescafe to Go,Small,,M371224,,Hot Drinks to Go,Hot Drinks to Go,,,,,visible,Prepared food and beverage,,,,,,,Y,4.13,,N,,N,,N,,,,,,Y,,,,,,Y,,,,,,Y,,,,,,N,N,N,N,Y,N,N,N,N,N,N,N
#nescafe-to-go-large,YLY5W53CVTZICKAGGIZQ3S7X,Nescafe to Go,Large,,2226927,,Hot Drinks to Go,Hot Drinks to Go,,,,,visible,Prepared food and beverage,,,,,,,,4.88,,N,,,,N,,,,,,Y,,,,,,Y,,,,,,Y,,,,,,N,N,N,N,Y,N,N,N,N,N,N,N
#number-candles-,BOAON5IE5QU7PXLLJHQWPWBL,Number Candles,,,964235R,,Add-ons to Go,Add-ons to Go,,,,,visible,Prepared food and beverage,,,,,,,Y,3.00,,N,,N,,N,,,,,,Y,,,,,,Y,,,,,,Y,,,,,,N,N,N,N,N,N,N,N,N,N,N,N
#nutella-cake-slice,TFUN6OPDSSE3RP5DGDVG26JJ,Nutella Cake,Slice,,521391H,,Cakes to Go,Cakes to Go,,,,,visible,Prepared food and beverage,,,,,,,Y,8.95,,N,,N,,N,,,,,,Y,,,,,,Y,,,,,,Y,,,,,,N,N,N,N,N,N,N,N,N,N,N,N
#nutella-cake-7inch,CFCASVAJP2OM2RJYXBSGHC3E,Nutella Cake,7inch,,937343E,,Cakes to Go,Cakes to Go,,,,,visible,Prepared food and beverage,,,,,,,,50.00,,N,,,,N,,,,,,Y,,,,,,Y,,,,,,Y,,,,,,N,N,N,N,N,N,N,N,N,N,N,N
#nutella-cake-8inch,QO5ZFBZ3ETSCU4VGAVVRCFSO,Nutella Cake,8inch,,1713658,,Cakes to Go,Cakes to Go,,,,,visible,Prepared food and beverage,,,,,,,,54.00,,N,,,,N,,,,,,Y,,,,,,Y,,,,,,Y,,,,,,N,N,N,N,N,N,N,N,N,N,N,N
#nutella-cake-10inch,W44NBZ3V3RUOTK6IB26TATLQ,Nutella Cake,10inch,,1279976,,Cakes to Go,Cakes to Go,,,,,visible,Prepared food and beverage,,,,,,,,65.00,,N,,,,N,,,,,,Y,,,,,,Y,,,,,,Y,,,,,,N,N,N,N,N,N,N,N,N,N,N,N
#nutella-cake-qs,3C3DPPPLW6JID7Y2TQIG7LJG,Nutella Cake,QS,,H255211,,Cakes to Go,Cakes to Go,,,,,visible,Prepared food and beverage,,,,,,,,100.00,,N,,,,N,,,,,,Y,,,,,,Y,,,,,,Y,,,,,,N,N,N,N,N,N,N,N,N,N,N,N
#nutella-cake-hs,TCYAXG2BVRV4VWM6FGVN7BYK,Nutella Cake,HS,,N435334,,Cakes to Go,Cakes to Go,,,,,visible,Prepared food and beverage,,,,,,,,175.00,,N,,,,N,,,,,,Y,,,,,,Y,,,,,,Y,,,,,,N,N,N,N,N,N,N,N,N,N,N,N
#nutella-cake-fs,753QVZSUVCJCSCIVTOOHOILM,Nutella Cake,FS,,4510360,,Cakes to Go,Cakes to Go,,,,,visible,Prepared food and beverage,,,,,,,,240.00,,N,,,,N,,,,,,Y,,,,,,Y,,,,,,Y,,,,,,N,N,N,N,N,N,N,N,N,N,N,N
#nutella-cookie-to-go-,XLMZC2TGQO4QSXOB2YAM2KAK,Nutella Cookie to Go,,Pound 1.000,G717087,,Cookies by the Pound to Go,Cookies by the Pound to Go,,,,,visible,Prepared food and beverage,,,,,,,Y,24.00,,N,,N,,N,,,,,,Y,,,,,,Y,,,,,,Y,,,,,,N,N,N,N,N,N,N,N,N,N,N,N
#nutella-cupcake-ts--,PNKZZH6DU2E6RKQVPZGXPAIE,Nutella Cupcake (TS),,,C090632,,Cupcakes to Stay,Cupcakes to Stay,,,,,visible,Prepared food and beverage,,,,,,,Y,4.50,,N,,N,,N,,,,,,Y,,,,,,Y,,,,,,Y,,,,,,N,N,N,N,N,N,N,N,N,N,N,Y
#nutella-cupcake-to-go-,GU7SIR6VRGLFZIXBOKM6PYPF,Nutella Cupcake to Go,,,882542D,,Cupcakes to Go,Cupcakes to Go,,,,,visible,Prepared food and beverage,,,,,,,Y,4.25,,N,,N,,N,,,,,,Y,,,,,,Y,,,,,,Y,,,,,,N,N,N,N,N,N,N,N,N,N,N,N
#oatmeal-cookie-ts--,YEBTNS7MMYVBLZMYPRUVIQQ4,Oatmeal Cookie (TS),,,5618745,,Cookies by the Piece to Stay,Cookies by the Piece to Stay,,,,,visible,Prepared food and beverage,,,,,,,Y,4.75,,N,,N,,N,,,,,,Y,,,,,,Y,,,,,,Y,,,,,,N,N,N,N,N,N,N,N,N,N,N,Y
#oatmeal-cookie-to-go-,NJ2T5ZJKL4F77JE6RYAESZFG,Oatmeal Cookie to Go,,,654346K,,Cookies by the Piece to Go,Cookies by the Piece to Go,,,,,visible,Prepared food and beverage,,,,,,,Y,4.50,,N,,N,,N,,,,,,Y,,,,,,Y,,,,,,Y,,,,,,N,N,N,N,N,N,N,N,N,N,N,N
#orange-cake-ts--,RRLGEHSCQZF2WLN54VGT5W32,Orange Cake (TS),,,908321H,,Custard to Stay,Custard to Stay,,,,,visible,Prepared food and beverage,,,,,,,Y,7.25,,N,,N,,N,,,,,,Y,,,,,,Y,,,,,,Y,,,,,,N,N,N,N,N,N,N,N,N,N,N,Y
#orange-cake-to-go-,24OLTG2AHZVJDBA6SUOKXP54,Orange Cake to Go,,,940908Y,,Custard to Go,Custard to Go,,,,,visible,Prepared food and beverage,,,,,,,Y,6.95,,N,,N,,N,,,,,,Y,,,,,,Y,,,,,,Y,,,,,,N,N,N,N,N,N,N,N,N,N,N,N
#orange-juice-,WLN4ZTMS5FLEKZWE4YTX3IAU,Orange Juice,,,Z786765,,Cold Drinks to Go,Cold Drinks to Go,,,,,visible,Prepared food and beverage,,,,,,,Y,3.22,,N,,N,,N,,,,,,Y,,,,,,Y,,,,,,Y,,,,,,N,N,N,N,N,N,N,N,N,N,N,N
#oreo-cake-slice,KTZABHIADZ2E6ITAECBKMCAH,Oreo Cake,Slice,,183108Q,,Cakes to Go,Cakes to Go,,,,,visible,Prepared food and beverage,,,,,,,Y,8.95,,N,,N,,N,,,,,,Y,,,,,,Y,,,,,,Y,,,,,,N,N,N,N,N,N,N,N,N,N,N,N
#oreo-cake-7inch,ESRYZXY6AX5MNP6WJRK25ZPW,Oreo Cake,7inch,,9270888,,Cakes to Go,Cakes to Go,,,,,visible,Prepared food and beverage,,,,,,,,50.00,,N,,,,N,,,,,,Y,,,,,,Y,,,,,,Y,,,,,,N,N,N,N,N,N,N,N,N,N,N,N
#oreo-cake-8inch,2CQEMQJEATIJVZZOT7UDGHL7,Oreo Cake,8inch,,L929834,,Cakes to Go,Cakes to Go,,,,,visible,Prepared food and beverage,,,,,,,,54.00,,N,,,,N,,,,,,Y,,,,,,Y,,,,,,Y,,,,,,N,N,N,N,N,N,N,N,N,N,N,N
#oreo-cake-10inch,NIFZSC3PBYZGNBWZ2NTZ67A2,Oreo Cake,10inch,,B726468,,Cakes to Go,Cakes to Go,,,,,visible,Prepared food and beverage,,,,,,,,65.00,,N,,,,N,,,,,,Y,,,,,,Y,,,,,,Y,,,,,,N,N,N,N,N,N,N,N,N,N,N,N
#oreo-cake-qs,DHVQ32GNMA4AHHFW4JUYIC4P,Oreo Cake,QS,,X592534,,Cakes to Go,Cakes to Go,,,,,visible,Prepared food and beverage,,,,,,,,100.00,,N,,,,N,,,,,,Y,,,,,,Y,,,,,,Y,,,,,,N,N,N,N,N,N,N,N,N,N,N,N
#oreo-cake-hs,24VMGOCTNWZCBIRUZ26ZJZ4Z,Oreo Cake,HS,,799828C,,Cakes to Go,Cakes to Go,,,,,visible,Prepared food and beverage,,,,,,,,175.00,,N,,,,N,,,,,,Y,,,,,,Y,,,,,,Y,,,,,,N,N,N,N,N,N,N,N,N,N,N,N
#oreo-cake-fs,UVT6ZG3O3QPTYR272FAOCZOW,Oreo Cake,FS,,281444E,,Cakes to Go,Cakes to Go,,,,,visible,Prepared food and beverage,,,,,,,,240.00,,N,,,,N,,,,,,Y,,,,,,Y,,,,,,Y,,,,,,N,N,N,N,N,N,N,N,N,N,N,N
#oreo-cake-pop-ts--,CLWTSF7F3ROI4BGU6ACC6UGJ,Oreo Cake Pop (TS),,,437796V,,Cupcakes to Stay,Cupcakes to Stay,,,,,visible,Prepared food and beverage,,,,,,,Y,3.75,,N,,N,,N,,,,,,Y,,,,,,Y,,,,,,Y,,,,,,N,N,N,N,N,N,N,N,N,N,N,Y
#oreo-cake-pop-to-go-,3RNW6DVDVGTWUP2YREQZWRRL,Oreo Cake Pop to Go,,,J769275,,Cupcakes to Go,Cupcakes to Go,,,,,visible,Prepared food and beverage,,,,,,,Y,2.95,,N,,N,,N,,,,,,Y,,,,,,Y,,,,,,Y,,,,,,N,N,N,N,N,N,N,N,N,N,N,N
#oreo-cheesecake-slice,KULOJTMGH73ZRXKHYYTHFDZ4,Oreo Cheesecake,Slice,,943693K,,Cheesecakes to Go,Cheesecakes to Go,,,,,visible,Prepared food and beverage,,,,,,,Y,8.95,,N,,N,,N,,,,,,Y,,,,,,Y,,,,,,Y,,,,,,N,N,N,N,N,N,N,N,N,N,N,N
#oreo-cheesecake-8inch,FR5UB6Z2YW7LHQ6L5ODIIKSC,Oreo Cheesecake,8inch,,Z757872,,Cheesecakes to Go,Cheesecakes to Go,,,,,visible,Prepared food and beverage,,,,,,,,56.00,,N,,,,N,,,,,,Y,,,,,,Y,,,,,,Y,,,,,,N,N,N,N,N,N,N,N,N,N,N,N
#oreo-cheesecake-10inch,76LDMVEK62AGFQXCX2CITO3A,Oreo Cheesecake,10inch,,J118376,,Cheesecakes to Go,Cheesecakes to Go,,,,,visible,Prepared food and beverage,,,,,,,,68.00,,N,,,,N,,,,,,Y,,,,,,Y,,,,,,Y,,,,,,N,N,N,N,N,N,N,N,N,N,N,N
#oreo-cupcake-ts--,HKC44K2KLNDFCWT7CEF3SP37,Oreo Cupcake (TS),,,B374178,,Cupcakes to Stay,Cupcakes to Stay,,,,,visible,Prepared food and beverage,,,,,,,Y,4.50,,N,,N,,N,,,,,,Y,,,,,,Y,,,,,,Y,,,,,,N,N,N,N,N,N,N,N,N,N,N,Y
#oreo-cupcake-to-go-,QPXR5A65JHIJHTI4PLPABSFK,Oreo Cupcake to Go,,,5435374,,Cupcakes to Go,Cupcakes to Go,,,,,visible,Prepared food and beverage,,,,,,,Y,4.25,,N,,N,,N,,,,,,Y,,,,,,Y,,,,,,Y,,,,,,N,N,N,N,N,N,N,N,N,N,N,N
#panna-cotta-ts--,RXLUTNP247W3HDMDY6CH4Z4E,Panna Cotta (TS),,,2625888,,Custard to Stay,Custard to Stay,,,,,visible,Prepared food and beverage,,,,,,,Y,8.75,,N,,N,,N,,,,,,Y,,,,,,Y,,,,,,Y,,,,,,N,N,N,N,N,N,N,N,N,N,N,Y
#panna-cotta-to-go-,KUEHMAOPXP4UGGTMYDDHYXAO,Panna Cotta to Go,,,P387688,,Custard to Go,Custard to Go,,,,,visible,Prepared food and beverage,,,,,,,Y,8.25,,N,,N,,N,,,,,,Y,,,,,,Y,,,,,,Y,,,,,,N,N,N,N,N,N,N,N,N,N,N,N
#peach-frangipane-ts--,2ZP7FLQJNCS2W4R3JLBIRSW3,Peach Frangipane (TS),,,Z535547,,Tarts to Stay,Tarts to Stay,,,,,visible,Prepared food and beverage,,,,,,,Y,9.50,,N,,N,,N,,,,,,Y,,,,,,Y,,,,,,Y,,,,,,N,N,N,N,N,N,N,N,N,N,N,Y
#peach-frangipane-tart-to-go-4inch,MFL6X25US6TVY7EVKVBXC435,Peach Frangipane Tart to Go,4inch,,415019J,,Tarts to Go,Tarts to Go,,,,,visible,Prepared food and beverage,,,,,,,Y,8.50,,N,,N,,N,,,,,,Y,,,,,,Y,,,,,,Y,,,,,,N,N,N,N,N,N,N,N,N,N,N,N
#peach-frangipane-tart-to-go-10inch,465DAVEOMF6KOOT4VFGDRAJ3,Peach Frangipane Tart to Go,10inch,,A842782,,Tarts to Go,Tarts to Go,,,,,visible,Prepared food and beverage,,,,,,,,38.00,,N,,,,N,,,,,,Y,,,,,,Y,,,,,,Y,,,,,,N,N,N,N,N,N,N,N,N,N,N,N
#peach-raspberry-cake-slice,56EJKQGXDPY4AWNNHCQIBHYF,Peach Raspberry Cake,Slice,,445614F,,Cakes to Go,Cakes to Go,,,,,visible,Prepared food and beverage,,,,,,,Y,8.95,,N,,N,,N,,,,,,Y,,,,,,Y,,,,,,Y,,,,,,N,N,N,N,N,N,N,N,N,N,N,N
#peach-raspberry-cake-7inch,X3ECBGJ4HOGJG5QRANUPQB5L,Peach Raspberry Cake,7inch,,N403367,,Cakes to Go,Cakes to Go,,,,,visible,Prepared food and beverage,,,,,,,,50.00,,N,,,,N,,,,,,Y,,,,,,Y,,,,,,Y,,,,,,N,N,N,N,N,N,N,N,N,N,N,N
#peach-raspberry-cake-8inch,DVEENFZWI6ALDYXCYVONU2NE,Peach Raspberry Cake,8inch,,T004640,,Cakes to Go,Cakes to Go,,,,,visible,Prepared food and beverage,,,,,,,,54.00,,N,,,,N,,,,,,Y,,,,,,Y,,,,,,Y,,,,,,N,N,N,N,N,N,N,N,N,N,N,N
#peach-raspberry-cake-10inch,IZPKI2PNMI53CKYAVEKXHFZW,Peach Raspberry Cake,10inch,,9785318,,Cakes to Go,Cakes to Go,,,,,visible,Prepared food and beverage,,,,,,,,65.00,,N,,,,N,,,,,,Y,,,,,,Y,,,,,,Y,,,,,,N,N,N,N,N,N,N,N,N,N,N,N
#peach-raspberry-cake-qs,JLQICPVLPD5NYQXPIMJGKC6E,Peach Raspberry Cake,QS,,5582698,,Cakes to Go,Cakes to Go,,,,,visible,Prepared food and beverage,,,,,,,,100.00,,N,,,,N,,,,,,Y,,,,,,Y,,,,,,Y,,,,,,N,N,N,N,N,N,N,N,N,N,N,N
#peach-raspberry-cake-hs,DSYD5WCLWU4UOJCLED3I65UP,Peach Raspberry Cake,HS,,R338182,,Cakes to Go,Cakes to Go,,,,,visible,Prepared food and beverage,,,,,,,,175.00,,N,,,,N,,,,,,Y,,,,,,Y,,,,,,Y,,,,,,N,N,N,N,N,N,N,N,N,N,N,N
#peach-raspberry-cake-fs,R5OJUFCTVEZMKO53EUJBNETQ,Peach Raspberry Cake,FS,,1666769,,Cakes to Go,Cakes to Go,,,,,visible,Prepared food and beverage,,,,,,,,240.00,,N,,,,N,,,,,,Y,,,,,,Y,,,,,,Y,,,,,,N,N,N,N,N,N,N,N,N,N,N,N
#peach-tres-leches-cake-slice,CI4IMNRGCRSUTJ3DQ5TQQZ4P,Peach Tres Leches Cake,Slice,,3782422,,Cakes to Go,Cakes to Go,,,,,visible,Prepared food and beverage,,,,,,,Y,8.95,,N,,N,,N,,,,,,Y,,,,,,Y,,,,,,Y,,,,,,N,N,N,N,N,N,N,N,N,N,N,N
#peach-tres-leches-cake-7inch,DVIO4ZZTOJC6EH6PNHF3PTTD,Peach Tres Leches Cake,7inch,,Y874991,,Cakes to Go,Cakes to Go,,,,,visible,Prepared food and beverage,,,,,,,,50.00,,N,,,,N,,,,,,Y,,,,,,Y,,,,,,Y,,,,,,N,N,N,N,N,N,N,N,N,N,N,N
#peach-tres-leches-cake-8inch,2MB5FVG7X3K7E4U7GRZKI3ZY,Peach Tres Leches Cake,8inch,,G325464,,Cakes to Go,Cakes to Go,,,,,visible,Prepared food and beverage,,,,,,,,60.00,,N,,,,N,,,,,,Y,,,,,,Y,,,,,,Y,,,,,,N,N,N,N,N,N,N,N,N,N,N,N
#peach-tres-leches-cake-10inch,35PHGZBQITJRENQ32OOTQ7SA,Peach Tres Leches Cake,10inch,,F078349,,Cakes to Go,Cakes to Go,,,,,visible,Prepared food and beverage,,,,,,,,70.00,,N,,,,N,,,,,,Y,,,,,,Y,,,,,,Y,,,,,,N,N,N,N,N,N,N,N,N,N,N,N
#peach-tres-leches-cake-qs,SHU3W64BOQC7D43IC2OX2IF2,Peach Tres Leches Cake,QS,,861519K,,Cakes to Go,Cakes to Go,,,,,visible,Prepared food and beverage,,,,,,,,120.00,,N,,,,N,,,,,,Y,,,,,,Y,,,,,,Y,,,,,,N,N,N,N,N,N,N,N,N,N,N,N
#peach-tres-leches-cake-hs,B76PF2DB3PTPU7RRSIPS4JM2,Peach Tres Leches Cake,HS,,J957740,,Cakes to Go,Cakes to Go,,,,,visible,Prepared food and beverage,,,,,,,,190.00,,N,,,,N,,,,,,Y,,,,,,Y,,,,,,Y,,,,,,N,N,N,N,N,N,N,N,N,N,N,N
#peach-tres-leches-cake-fs,KDV5HKEZJAZG4UQABVIPIFHC,Peach Tres Leches Cake,FS,,K108263,,Cakes to Go,Cakes to Go,,,,,visible,Prepared food and beverage,,,,,,,,270.00,,N,,,,N,,,,,,Y,,,,,,Y,,,,,,Y,,,,,,N,N,N,N,N,N,N,N,N,N,N,N
#peanut-butter-cookie-ts--,PA2FX7YX52QU2GWX2VSHRMUZ,Peanut Butter Cookie (TS),,,366725M,,Cookies by the Piece to Stay,Cookies by the Piece to Stay,,,,,visible,Prepared food and beverage,,,,,,,Y,4.75,,N,,N,,N,,,,,,Y,,,,,,Y,,,,,,Y,,,,,,N,N,N,N,N,N,N,N,N,N,N,Y
#peanut-butter-cookie-to-go-,RY2UDNQ6ATF53AYM2TPJV66G,Peanut Butter Cookie to Go,,,389834J,,Cookies by the Piece to Go,Cookies by the Piece to Go,,,,,visible,Prepared food and beverage,,,,,,,Y,4.50,,N,,N,,N,,,,,,Y,,,,,,Y,,,,,,Y,,,,,,N,N,N,N,N,N,N,N,N,N,N,N
#peanut-butter-mousse-cake-slice,KUXSXPE7S6VGYKRRNWSHVKIN,Peanut Butter Mousse Cake,Slice,,F633876,,Cakes to Go,Cakes to Go,,,,,visible,Prepared food and beverage,,,,,,,Y,8.95,,N,,N,,N,,,,,,Y,,,,,,Y,,,,,,Y,,,,,,N,N,N,N,N,N,N,N,N,N,N,N
#peanut-butter-mousse-cake-7inch,L6YEHUM4SMFKHHEWRZFFXHJY,Peanut Butter Mousse Cake,7inch,,B890232,,Cakes to Go,Cakes to Go,,,,,visible,Prepared food and beverage,,,,,,,,50.00,,N,,,,N,,,,,,Y,,,,,,Y,,,,,,Y,,,,,,N,N,N,N,N,N,N,N,N,N,N,N
#peanut-butter-mousse-cake-8inch,VYBAIIRACBWPPUZWRWEUE4AO,Peanut Butter Mousse Cake,8inch,,914976H,,Cakes to Go,Cakes to Go,,,,,visible,Prepared food and beverage,,,,,,,,54.00,,N,,,,N,,,,,,Y,,,,,,Y,,,,,,Y,,,,,,N,N,N,N,N,N,N,N,N,N,N,N
#peanut-butter-mousse-cake-10inch,RZEC4E7OP4XVCG7DWWQJCU2Y,Peanut Butter Mousse Cake,10inch,,9349241,,Cakes to Go,Cakes to Go,,,,,visible,Prepared food and beverage,,,,,,,,65.00,,N,,,,N,,,,,,Y,,,,,,Y,,,,,,Y,,,,,,N,N,N,N,N,N,N,N,N,N,N,N
#peanut-butter-mousse-cake-qs,BB7KUDO4W6RA5FV24HY3MSBX,Peanut Butter Mousse Cake,QS,,M047674,,Cakes to Go,Cakes to Go,,,,,visible,Prepared food and beverage,,,,,,,,100.00,,N,,,,N,,,,,,Y,,,,,,Y,,,,,,Y,,,,,,N,N,N,N,N,N,N,N,N,N,N,N
#peanut-butter-mousse-cake-hs,7CDYOPZNVAPPS2WPSFH3AMMJ,Peanut Butter Mousse Cake,HS,,Q253125,,Cakes to Go,Cakes to Go,,,,,visible,Prepared food and beverage,,,,,,,,175.00,,N,,,,N,,,,,,Y,,,,,,Y,,,,,,Y,,,,,,N,N,N,N,N,N,N,N,N,N,N,N
#peanut-butter-mousse-cake-fs,2S2XLF2ULDYEV2FBDVVQNUXN,Peanut Butter Mousse Cake,FS,,5093081,,Cakes to Go,Cakes to Go,,,,,visible,Prepared food and beverage,,,,,,,,240.00,,N,,,,N,,,,,,Y,,,,,,Y,,,,,,Y,,,,,,N,N,N,N,N,N,N,N,N,N,N,N
#pecan-cheesecake-slice,CMQS73TWMACVTZ4SFMXF6S3P,Pecan Cheesecake,Slice,,8683509,,Cheesecakes to Go,Cheesecakes to Go,,,,,visible,Prepared food and beverage,,,,,,,Y,8.95,,N,,N,,N,,,,,,Y,,,,,,Y,,,,,,Y,,,,,,N,N,N,N,N,N,N,N,N,N,N,N
#pecan-cheesecake-8inch,OK3CGCNV6KMPOOP5A2O6V3QQ,Pecan Cheesecake,8inch,,X595766,,Cheesecakes to Go,Cheesecakes to Go,,,,,visible,Prepared food and beverage,,,,,,,,56.00,,N,,,,N,,,,,,Y,,,,,,Y,,,,,,Y,,,,,,N,N,N,N,N,N,N,N,N,N,N,N
#pecan-cheesecake-10inch,YB5FWFILFBR5J5PLMQSMS6TL,Pecan Cheesecake,10inch,,7606104,,Cheesecakes to Go,Cheesecakes to Go,,,,,visible,Prepared food and beverage,,,,,,,,68.00,,N,,,,N,,,,,,Y,,,,,,Y,,,,,,Y,,,,,,N,N,N,N,N,N,N,N,N,N,N,N
#pecan-pie-ts--,SUB62EWZIQWROVEIDJBD64S3,Pecan Pie (TS),,,386844Q,,Pies to Stay,Pies to Stay,,,,,visible,Prepared food and beverage,,,,,,,Y,9.25,,N,,N,,N,,,,,,Y,,,,,,Y,,,,,,Y,,,,,,N,N,N,N,N,N,N,N,N,N,N,Y
#pecan-pie-to-go-slice,MJMSNDDYHFPZLKPRVA67JV2H,Pecan Pie to Go,Slice,,7791515,,Pies to Go,Pies to Go,,,,,visible,Prepared food and beverage,,,,,,,Y,8.75,,N,,N,,N,,,,,,Y,,,,,,Y,,,,,,Y,,,,,,N,N,N,N,N,N,N,N,N,N,N,N
#pecan-pie-to-go-8inch,FGTDYVMDEX2OSZOMFZKCSC37,Pecan Pie to Go,8inch,,993103E,,Pies to Go,Pies to Go,,,,,visible,Prepared food and beverage,,,,,,,,29.00,,N,,,,N,,,,,,Y,,,,,,Y,,,,,,Y,,,,,,N,N,N,N,N,N,N,N,N,N,N,N
#pecan-pie-to-go-10inch,62ZBLRIKRVDUOWVCJWI3I6KE,Pecan Pie to Go,10inch,,W341527,,Pies to Go,Pies to Go,,,,,visible,Prepared food and beverage,,,,,,,,42.00,,N,,,,N,,,,,,Y,,,,,,Y,,,,,,Y,,,,,,N,N,N,N,N,N,N,N,N,N,N,N
#pistachio-eclair-ts--,W3ITIRMDYOSYQMN356Y3OATC,Pistachio Eclair (TS),,,419433S,,SEN to Stay,SEN to Stay,,,,,visible,Prepared food and beverage,,,,,,,Y,6.95,,N,,N,,N,,,,,,Y,,,,,,Y,,,,,,Y,,,,,,N,N,N,N,N,N,N,N,N,N,N,Y
#pistachio-eclair-to-go-,V2QKZBMUHKCX2ZRULF6VIQLS,Pistachio Eclair to Go,,,T626044,,SEN to Go,SEN to Go,,,,,visible,Prepared food and beverage,,,,,,,Y,6.50,,N,,N,,N,,,,,,Y,,,,,,Y,,,,,,Y,,,,,,N,N,N,N,N,N,N,N,N,N,N,N
#pistachio-lobster-tail-,ATN5LRQK3YAMJ5GVKMFFQWZQ,Pistachio Lobster Tail,,,891586B,,Brownies to Go,Brownies to Go,,,,,visible,Prepared food and beverage,,,,,,,Y,8.75,,N,,N,,N,,,,,,Y,,,,,,Y,,,,,,Y,,,,,,N,N,N,N,N,N,N,N,N,N,N,N
#plain-cheesecake-slice,HVYKZI5NXJ7VUCFEAO6IG4DA,Plain Cheesecake,Slice,,5024134,,Cheesecakes to Go,Cheesecakes to Go,,,,,visible,Prepared food and beverage,,,,,,,Y,8.95,,N,,N,,N,,,,,,Y,,,,,,Y,,,,,,Y,,,,,,N,N,N,N,N,N,N,N,N,N,N,N
#plain-cheesecake-8inch,KIEFW44KDQJRPUWRXD6RXYXD,Plain Cheesecake,8inch,,S999220,,Cheesecakes to Go,Cheesecakes to Go,,,,,visible,Prepared food and beverage,,,,,,,,56.00,,N,,,,N,,,,,,Y,,,,,,Y,,,,,,Y,,,,,,N,N,N,N,N,N,N,N,N,N,N,N
#plain-cheesecake-10inch,TWRVWKVA52BRMBXQMVQGSFBB,Plain Cheesecake,10inch,,710940T,,Cheesecakes to Go,Cheesecakes to Go,,,,,visible,Prepared food and beverage,,,,,,,,68.00,,N,,,,N,,,,,,Y,,,,,,Y,,,,,,Y,,,,,,N,N,N,N,N,N,N,N,N,N,N,N
#plain-napoleon-ts--,SCK7GYVKYWMU4P5YNWOJR5TO,Plain Napoleon (TS),,,B742311,,SEN to Stay,SEN to Stay,,,,,visible,Prepared food and beverage,,,,,,,Y,9.95,,N,,N,,N,,,,,,Y,,,,,,Y,,,,,,Y,,,,,,N,N,N,N,N,N,N,N,N,N,N,Y
#plain-napoleon-to-go-slice,3JCFIEZRTD3HMXWLARCY7URF,Plain Napoleon to Go,Slice,,Z930898,,SEN to Go,SEN to Go,,,,,visible,Prepared food and beverage,,,,,,,Y,9.25,,N,,N,,N,,,,,,Y,,,,,,Y,,,,,,Y,,,,,,N,N,N,N,N,N,N,N,N,N,N,N
#plain-napoleon-to-go-whole,GWVABONGSKECVU7UI7FDVLY5,Plain Napoleon to Go,Whole,,346497F,,SEN to Go,SEN to Go,,,,,visible,Prepared food and beverage,,,,,,,,52.00,,N,,,,N,,,,,,Y,,,,,,Y,,,,,,Y,,,,,,N,N,N,N,N,N,N,N,N,N,N,N
#plain-napoleon-to-go-qs,DPBZ7USXYJW2GX23U47X2GAR,Plain Napoleon to Go,QS,,6153445,,SEN to Go,SEN to Go,,,,,visible,Prepared food and beverage,,,,,,,,100.00,,N,,,,N,,,,,,Y,,,,,,Y,,,,,,Y,,,,,,N,N,N,N,N,N,N,N,N,N,N,N
#plain-napoleon-to-go-hs,MLSUIQZK65HNDIIFF7EHYS7X,Plain Napoleon to Go,HS,,D294610,,SEN to Go,SEN to Go,,,,,visible,Prepared food and beverage,,,,,,,,175.00,,N,,,,N,,,,,,Y,,,,,,Y,,,,,,Y,,,,,,N,N,N,N,N,N,N,N,N,N,N,N
#plain-napoleon-to-go-fs,JWOHM3T2FKDCUIHVIQ5S6HVK,Plain Napoleon to Go,FS,,340070G,,SEN to Go,SEN to Go,,,,,visible,Prepared food and beverage,,,,,,,,240.00,,N,,,,N,,,,,,Y,,,,,,Y,,,,,,Y,,,,,,N,N,N,N,N,N,N,N,N,N,N,N
#plain-pound-cake-ts--,7FGXYMXOIDIX76BNSGBFAWSO,Plain Pound Cake (TS),,,5317635,,Pound Cake to Stay,Pound Cake to Stay,,,,,visible,Prepared food and beverage,,,,,,,Y,3.75,,N,,N,,N,,,,,,Y,,,,,,Y,,,,,,Y,,,,,,N,N,N,N,N,N,N,N,N,N,N,Y
#plain-pound-cake-to-go-slice,6T3OYJDXRLT76S3GEM6MLWE2,Plain Pound Cake to Go,Slice,,6165997,,Pound Cake to Go,Pound Cake to Go,,,,,visible,Prepared food and beverage,,,,,,,Y,3.75,,N,,N,,N,,,,,,Y,,,,,,Y,,,,,,Y,,,,,,N,N,N,N,N,N,N,N,N,N,N,N
#plain-pound-cake-to-go-loaf,LQCWAUNPSOYXXNCMOAAD32NV,Plain Pound Cake to Go,Loaf,,J744530,,Pound Cake to Go,Pound Cake to Go,,,,,visible,Prepared food and beverage,,,,,,,,6.50,,N,,,,N,,,,,,Y,,,,,,Y,,,,,,Y,,,,,,N,N,N,N,N,N,N,N,N,N,N,N
#pumpkin-cheesecake-slice,4QGNQSRSDHGKXXMFVLH5LBZS,Pumpkin Cheesecake,Slice,,9554238,,Cheesecakes to Go,Cheesecakes to Go,,,,,visible,Prepared food and beverage,,,,,,,Y,8.95,,N,,N,,N,,,,,,Y,,,,,,Y,,,,,,Y,,,,,,N,N,N,N,N,N,N,N,N,N,N,N
#pumpkin-cheesecake-8inch,DMASPT3NXXAFQGQJUOTB7YKH,Pumpkin Cheesecake,8inch,,304280T,,Cheesecakes to Go,Cheesecakes to Go,,,,,visible,Prepared food and beverage,,,,,,,,56.00,,N,,,,N,,,,,,Y,,,,,,Y,,,,,,Y,,,,,,N,N,N,N,N,N,N,N,N,N,N,N
#pumpkin-cheesecake-10inch,XXYXJTZYMJXKOR5OBLWIOAVB,Pumpkin Cheesecake,10inch,,687376W,,Cheesecakes to Go,Cheesecakes to Go,,,,,visible,Prepared food and beverage,,,,,,,,68.00,,N,,,,N,,,,,,Y,,,,,,Y,,,,,,Y,,,,,,N,N,N,N,N,N,N,N,N,N,N,N
#pumpkin-pie-ts--,RBAWP3IXTKDMMGAU3NCHUYD6,Pumpkin Pie (TS),,,124585G,,Pies to Stay,Pies to Stay,,,,,visible,Prepared food and beverage,,,,,,,Y,9.25,,N,,N,,N,,,,,,Y,,,,,,Y,,,,,,Y,,,,,,N,N,N,N,N,N,N,N,N,N,N,Y
#pumpkin-pie-to-go-slice,6OAXTFBM47YMAIW446MPNFSK,Pumpkin Pie to Go,Slice,,4125054,,Pies to Go,Pies to Go,,,,,visible,Prepared food and beverage,,,,,,,Y,8.75,,N,,N,,N,,,,,,Y,,,,,,Y,,,,,,Y,,,,,,N,N,N,N,N,N,N,N,N,N,N,N
#pumpkin-pie-to-go-8inch,I3HICKJONKVEDFVCNJHEKDE6,Pumpkin Pie to Go,8inch,,G402222,,Pies to Go,Pies to Go,,,,,visible,Prepared food and beverage,,,,,,,,29.00,,N,,,,N,,,,,,Y,,,,,,Y,,,,,,Y,,,,,,N,N,N,N,N,N,N,N,N,N,N,N
#pumpkin-pie-to-go-10inch,6OPRQU7JMIHHZMGWWSGKSBZR,Pumpkin Pie to Go,10inch,,M227613,,Pies to Go,Pies to Go,,,,,visible,Prepared food and beverage,,,,,,,,38.00,,N,,,,N,,,,,,Y,,,,,,Y,,,,,,Y,,,,,,N,N,N,N,N,N,N,N,N,N,N,N
#rainbow-cake-slice,U7OGKHJPRSDI5PMOQ5TAKDZT,Rainbow Cake,Slice,,W139234,,Cakes to Go,Cakes to Go,,,,,visible,Prepared food and beverage,,,,,,,Y,8.95,,N,,N,,N,,,,,,Y,,,,,,Y,,,,,,Y,,,,,,N,N,N,N,N,N,N,N,N,N,N,N
#rainbow-cake-7inch,S4PROZ3QS7NBMFD52WKTLHPK,Rainbow Cake,7inch,,3376183,,Cakes to Go,Cakes to Go,,,,,visible,Prepared food and beverage,,,,,,,,50.00,,N,,,,N,,,,,,Y,,,,,,Y,,,,,,Y,,,,,,N,N,N,N,N,N,N,N,N,N,N,N
#rainbow-cake-8inch,7U655ZSLPQNCUGTBJFKIP44K,Rainbow Cake,8inch,,8190751,,Cakes to Go,Cakes to Go,,,,,visible,Prepared food and beverage,,,,,,,,60.00,,N,,,,N,,,,,,Y,,,,,,Y,,,,,,Y,,,,,,N,N,N,N,N,N,N,N,N,N,N,N
#rainbow-cake-10inch,JBZH2IDZVP44FIEVGRTEVFY4,Rainbow Cake,10inch,,132185G,,Cakes to Go,Cakes to Go,,,,,visible,Prepared food and beverage,,,,,,,,70.00,,N,,,,N,,,,,,Y,,,,,,Y,,,,,,Y,,,,,,N,N,N,N,N,N,N,N,N,N,N,N
#rainbow-cake-qs,BOCZ7H37VBO6MMVX4RATCRKW,Rainbow Cake,QS,,W837721,,Cakes to Go,Cakes to Go,,,,,visible,Prepared food and beverage,,,,,,,,120.00,,N,,,,N,,,,,,Y,,,,,,Y,,,,,,Y,,,,,,N,N,N,N,N,N,N,N,N,N,N,N
#rainbow-cake-hs,AMORJV7Y45P4VECXKPQZ4LSA,Rainbow Cake,HS,,722205M,,Cakes to Go,Cakes to Go,,,,,visible,Prepared food and beverage,,,,,,,,190.00,,N,,,,N,,,,,,Y,,,,,,Y,,,,,,Y,,,,,,N,N,N,N,N,N,N,N,N,N,N,N
#rainbow-cake-fs,HPLZHRLBFT24WGVKGONRUHE7,Rainbow Cake,FS,,2485516,,Cakes to Go,Cakes to Go,,,,,visible,Prepared food and beverage,,,,,,,,270.00,,N,,,,N,,,,,,Y,,,,,,Y,,,,,,Y,,,,,,N,N,N,N,N,N,N,N,N,N,N,N
#rainbow-cookie-tray-to-go-,35CVYXDD72ZQ7B7WD5VS6DFC,Rainbow Cookie Tray to Go,,,3700434,,Cookie Packs to Go,Cookie Packs to Go,,,,,visible,Prepared food and beverage,,,,,,,Y,24.00,,N,,N,,N,,,,,,Y,,,,,,Y,,,,,,Y,,,,,,N,N,N,N,N,N,N,N,N,N,N,N
#rainbow-cookie-to-go-,Z4DWMT7ULL2LNJ7L45BNZIKV,Rainbow Cookie to Go,,Pound 1.000,7559399,,Cookies by the Pound to Go,Cookies by the Pound to Go,,,,,visible,Prepared food and beverage,,,,,,,Y,24.00,,N,,N,,N,,,,,,Y,,,,,,Y,,,,,,Y,,,,,,N,N,N,N,N,N,N,N,N,N,N,N
#raisin-bread-pudding-ts--,MMUONFP3HR7S7F7YPEXWDZVQ,Raisin Bread Pudding (TS),,,7608238,,Custard to Stay,Custard to Stay,,,,,visible,Prepared food and beverage,,,,,,,Y,7.75,,N,,N,,N,,,,,,Y,,,,,,Y,,,,,,Y,,,,,,N,N,N,N,N,N,N,N,N,N,N,Y
#raisin-bread-pudding-to-go-,BBWY6IARGUYN55VFRRMAOI72,Raisin Bread Pudding to Go,,,189588Z,,Custard to Go,Custard to Go,,,,,visible,Prepared food and beverage,,,,,,,Y,7.25,,N,,N,,N,,,,,,Y,,,,,,Y,,,,,,Y,,,,,,N,N,N,N,N,N,N,N,N,N,N,N
#raisin-danish-ts--,HPSCQYADKCTFTGWY6M36DKKP,Raisin Danish (TS),,,412366K,,Danish to Stay,Danish to Stay,,,,,visible,Prepared food and beverage,,,,,,,Y,5.00,,N,,N,,N,,,,,,Y,,,,,,Y,,,,,,Y,,,,,,N,N,N,N,N,N,N,N,N,N,N,Y
#raisin-danish-to-go-,KMJCVR5O62Q7DVZ2PONSTQPZ,Raisin Danish to Go,,,986779J,,Danish to Go,Danish to Go,,,,,visible,Prepared food and beverage,,,,,,,Y,4.95,,N,,N,,N,,,,,,Y,,,,,,Y,,,,,,Y,,,,,,N,N,N,N,N,N,N,N,N,N,N,N
#red-black-eye-to-go-small,SNLNTPVCRRHFVYBJOF3EZCVS,Red Black Eye to Go,Small,,B469873,,Hot Drinks to Go,Hot Drinks to Go,,,,,visible,Prepared food and beverage,,,,,,,Y,3.67,,N,,N,,N,,,,,,Y,,,,,,Y,,,,,,Y,,,,,,N,N,N,N,Y,N,N,N,N,N,N,N
#red-black-eye-to-go-large,YWGK3EL3C4Q5O3FJHLSTSHJ5,Red Black Eye to Go,Large,,8404502,,Hot Drinks to Go,Hot Drinks to Go,,,,,visible,Prepared food and beverage,,,,,,,,4.67,,N,,,,N,,,,,,Y,,,,,,Y,,,,,,Y,,,,,,N,N,N,N,Y,N,N,N,N,N,N,N
#red-velvet-cake-slice,744V7ILHM73ZOJ5YR2SXUCOW,Red Velvet Cake,Slice,,V220070,,Cakes to Go,Cakes to Go,,,,,visible,Prepared food and beverage,,,,,,,Y,8.95,,N,,N,,N,,,,,,Y,,,,,,Y,,,,,,Y,,,,,,N,N,N,N,N,N,N,N,N,N,N,N
#red-velvet-cake-7inch,SXGVH6DQMNPDO4P7PKFVAJ6W,Red Velvet Cake,7inch,,Y927630,,Cakes to Go,Cakes to Go,,,,,visible,Prepared food and beverage,,,,,,,,50.00,,N,,,,N,,,,,,Y,,,,,,Y,,,,,,Y,,,,,,N,N,N,N,N,N,N,N,N,N,N,N
#red-velvet-cake-8inch,CTW2BDRGXMDGI32425ACMKAY,Red Velvet Cake,8inch,,L868236,,Cakes to Go,Cakes to Go,,,,,visible,Prepared food and beverage,,,,,,,,54.00,,N,,,,N,,,,,,Y,,,,,,Y,,,,,,Y,,,,,,N,N,N,N,N,N,N,N,N,N,N,N
#red-velvet-cake-10inch,6WRORS45RDESPUK6YNKRMGSN,Red Velvet Cake,10inch,,846852Y,,Cakes to Go,Cakes to Go,,,,,visible,Prepared food and beverage,,,,,,,,65.00,,N,,,,N,,,,,,Y,,,,,,Y,,,,,,Y,,,,,,N,N,N,N,N,N,N,N,N,N,N,N
#red-velvet-cake-qs,CTKNIZBEINGGH27JMLTMNNBJ,Red Velvet Cake,QS,,L498655,,Cakes to Go,Cakes to Go,,,,,visible,Prepared food and beverage,,,,,,,,100.00,,N,,,,N,,,,,,Y,,,,,,Y,,,,,,Y,,,,,,N,N,N,N,N,N,N,N,N,N,N,N
#red-velvet-cake-hs,BW7KG76V3LQD6KXE7QHJBDCE,Red Velvet Cake,HS,,E519355,,Cakes to Go,Cakes to Go,,,,,visible,Prepared food and beverage,,,,,,,,175.00,,N,,,,N,,,,,,Y,,,,,,Y,,,,,,Y,,,,,,N,N,N,N,N,N,N,N,N,N,N,N
#red-velvet-cake-fs,N3BO3QJASQDU3PCGK4ZUGN2U,Red Velvet Cake,FS,,M025978,,Cakes to Go,Cakes to Go,,,,,visible,Prepared food and beverage,,,,,,,,240.00,,N,,,,N,,,,,,Y,,,,,,Y,,,,,,Y,,,,,,N,N,N,N,N,N,N,N,N,N,N,N
#red-velvet-cake-pop-ts--,TNJDESC7C64HLWHIUG6PMBOL,Red Velvet Cake Pop (TS),,,G226132,,Cupcakes to Stay,Cupcakes to Stay,,,,,visible,Prepared food and beverage,,,,,,,Y,3.75,,N,,N,,N,,,,,,Y,,,,,,Y,,,,,,Y,,,,,,N,N,N,N,N,N,N,N,N,N,N,Y
#red-velvet-cake-pop-to-go-,FKL5P5USMWNE5HJXRGDFO6YS,Red Velvet Cake Pop to Go,,,X254647,,Cupcakes to Go,Cupcakes to Go,,,,,visible,Prepared food and beverage,,,,,,,Y,2.95,,N,,N,,N,,,,,,Y,,,,,,Y,,,,,,Y,,,,,,N,N,N,N,N,N,N,N,N,N,N,N
#red-velvet-cheesecake-slice,TUCLHCZ6DJ3MHFBXHID25UMW,Red Velvet Cheesecake,Slice,,J170970,,Cheesecakes to Go,Cheesecakes to Go,,,,,visible,Prepared food and beverage,,,,,,,Y,8.95,,N,,N,,N,,,,,,Y,,,,,,Y,,,,,,Y,,,,,,N,N,N,N,N,N,N,N,N,N,N,N
#red-velvet-cheesecake-8inch,HODARLQZCPASQKJEZTU2AJVP,Red Velvet Cheesecake,8inch,,K457881,,Cheesecakes to Go,Cheesecakes to Go,,,,,visible,Prepared food and beverage,,,,,,,,56.00,,N,,,,N,,,,,,Y,,,,,,Y,,,,,,Y,,,,,,N,N,N,N,N,N,N,N,N,N,N,N
#red-velvet-cheesecake-10inch,E5LXQOWY6JRSVNBBDGRMIEMO,Red Velvet Cheesecake,10inch,,862527P,,Cheesecakes to Go,Cheesecakes to Go,,,,,visible,Prepared food and beverage,,,,,,,,68.00,,N,,,,N,,,,,,Y,,,,,,Y,,,,,,Y,,,,,,N,N,N,N,N,N,N,N,N,N,N,N
#red-velvet-cupcake-ts--,NLKD7KRQGZD3H3HQSHWLIHIW,Red Velvet Cupcake (TS),,,7919962,,Cupcakes to Stay,Cupcakes to Stay,,,,,visible,Prepared food and beverage,,,,,,,Y,4.50,,N,,N,,N,,,,,,Y,,,,,,Y,,,,,,Y,,,,,,N,N,N,N,N,N,N,N,N,N,N,Y
#red-velvet-cupcake-to-go-,LTDZOLEWCDYNSQL2IBDE4CMS,Red Velvet Cupcake to Go,,,656757W,,Cupcakes to Go,Cupcakes to Go,,,,,visible,Prepared food and beverage,,,,,,,Y,4.25,,N,,N,,N,,,,,,Y,,,,,,Y,,,,,,Y,,,,,,N,N,N,N,N,N,N,N,N,N,N,N
#rosette-ombre-,JXNSCNDE4PU35FISO5AXNEG3,Rosette Ombre,,,898454Z,,Special Cake to Go,Special Cake to Go,,,,,visible,Prepared food and beverage,,,,,,,Y,120.00,,N,,N,,N,,,,,,Y,,,,,,Y,,,,,,Y,,,,,,N,N,N,N,N,N,N,N,N,N,N,N
#rugelach-cookie-to-go-,A7HT27AYRHIXM6DDDY7VRPLP,Rugelach Cookie to Go,,Pound 1.000,F133602,,Cookies by the Pound to Go,Cookies by the Pound to Go,,,,,visible,Prepared food and beverage,,,,,,,Y,24.00,,N,,N,,N,,,,,,Y,,,,,,Y,,,,,,Y,,,,,,N,N,N,N,N,N,N,N,N,N,N,N
#salted-caramel-cake-slice,6JPEDUMP5M72DQML4SQ7E3YG,Salted Caramel Cake,Slice,,190737T,,Cakes to Go,Cakes to Go,,,,,visible,Prepared food and beverage,,,,,,,Y,8.95,,N,,N,,N,,,,,,Y,,,,,,Y,,,,,,Y,,,,,,N,N,N,N,N,N,N,N,N,N,N,N
#salted-caramel-cake-7inch,UVAIVJH42PWTVYV462OJOLQY,Salted Caramel Cake,7inch,,4477869,,Cakes to Go,Cakes to Go,,,,,visible,Prepared food and beverage,,,,,,,,50.00,,N,,,,N,,,,,,Y,,,,,,Y,,,,,,Y,,,,,,N,N,N,N,N,N,N,N,N,N,N,N
#salted-caramel-cake-8inch,YWZ3WMOCUFPXJRMBOPVLEH63,Salted Caramel Cake,8inch,,6001082,,Cakes to Go,Cakes to Go,,,,,visible,Prepared food and beverage,,,,,,,,54.00,,N,,,,N,,,,,,Y,,,,,,Y,,,,,,Y,,,,,,N,N,N,N,N,N,N,N,N,N,N,N
#salted-caramel-cake-10inch,RFL4Z3D66KENXUYMLPEA7AZA,Salted Caramel Cake,10inch,,E286248,,Cakes to Go,Cakes to Go,,,,,visible,Prepared food and beverage,,,,,,,,65.00,,N,,,,N,,,,,,Y,,,,,,Y,,,,,,Y,,,,,,N,N,N,N,N,N,N,N,N,N,N,N
#salted-caramel-cake-qs,I3OFHKRRSHBLTYMSMBUP6PGV,Salted Caramel Cake,QS,,A444817,,Cakes to Go,Cakes to Go,,,,,visible,Prepared food and beverage,,,,,,,,100.00,,N,,,,N,,,,,,Y,,,,,,Y,,,,,,Y,,,,,,N,N,N,N,N,N,N,N,N,N,N,N
#salted-caramel-cake-hs,HMTHTOHDTKNE6RCHYJKAWJ5K,Salted Caramel Cake,HS,,T918614,,Cakes to Go,Cakes to Go,,,,,visible,Prepared food and beverage,,,,,,,,175.00,,N,,,,N,,,,,,Y,,,,,,Y,,,,,,Y,,,,,,N,N,N,N,N,N,N,N,N,N,N,N
#salted-caramel-cake-fs,TOH2TIBYIF6XC4MSP6FTI2A5,Salted Caramel Cake,FS,,3523083,,Cakes to Go,Cakes to Go,,,,,visible,Prepared food and beverage,,,,,,,,240.00,,N,,,,N,,,,,,Y,,,,,,Y,,,,,,Y,,,,,,N,N,N,N,N,N,N,N,N,N,N,N
#salted-caramel-cupcake-ts--,5I2XXLAWZU6MRMAD4M3KHFQI,Salted Caramel Cupcake (TS),,,X609681,,Cupcakes to Stay,Cupcakes to Stay,,,,,visible,Prepared food and beverage,,,,,,,Y,4.50,,N,,N,,N,,,,,,Y,,,,,,Y,,,,,,Y,,,,,,N,N,N,N,N,N,N,N,N,N,N,Y
#salted-caramel-cupcake-to-go-,U33CS22VVKU5VM6UR7NNC7XY,Salted Caramel Cupcake to Go,,,9728220,,Cupcakes to Go,Cupcakes to Go,,,,,visible,Prepared food and beverage,,,,,,,Y,4.25,,N,,N,,N,,,,,,Y,,,,,,Y,,,,,,Y,,,,,,N,N,N,N,N,N,N,N,N,N,N,N
#saratoga-sparkling-,XCV366ZK4ILEYT6XVCUSRCPP,Saratoga Sparkling,,,N116984,,Cold Drinks to Go,Cold Drinks to Go,,,,,visible,Prepared food and beverage,,,,,,,Y,3.21,,N,,N,,N,,,,,,Y,,,,,,Y,,,,,,Y,,,,,,N,N,N,N,N,N,N,N,N,N,N,N
#saratoga-still-,C6HTM5A5ULNBT26NCREGTATE,Saratoga Still,,,797576D,,Cold Drinks to Go,Cold Drinks to Go,,,,,visible,Prepared food and beverage,,,,,,,Y,3.21,,N,,N,,N,,,,,,Y,,,,,,Y,,,,,,Y,,,,,,N,N,N,N,N,N,N,N,N,N,N,N
#sfogliatelle-,QHJSBHWH4JW4F5UX2JQQECWX,Sfogliatelle,,,R936014,,Brownies to Go,Brownies to Go,,,,,visible,Prepared food and beverage,,,,,,,Y,5.95,,N,,N,,N,,,,,,Y,,,,,,Y,,,,,,Y,,,,,,N,N,N,N,N,N,N,N,N,N,N,N
#silver-topper-,BO3APCFUXAXLRGA3XBPJW3FS,Silver Topper,,,E272619,,Add-ons to Go,Add-ons to Go,,,,,visible,Prepared food and beverage,,,,,,,Y,6.50,,N,,N,,N,,,,,,Y,,,,,,Y,,,,,,Y,,,,,,N,N,N,N,N,N,N,N,N,N,N,N
#slice-flan-ts--,VXJVHKNYYZJIDVCJZKF4BCVQ,Slice Flan (TS),,,856411F,,Custard to Stay,Custard to Stay,,,,,visible,Prepared food and beverage,,,,,,,Y,8.75,,N,,N,,N,,,,,,Y,,,,,,Y,,,,,,Y,,,,,,N,N,N,N,N,N,N,N,N,N,N,Y
#smoothie-,5XYSXRBDVA4B6DHOUUHF2KRI,Smoothie,,,129146Z,,Cold Drinks to Go,Cold Drinks to Go,,,,,visible,Prepared food and beverage,,,,,,,Y,5.51,,N,,N,,N,,,,,,Y,,,,,,Y,,,,,,Y,,,,,,N,N,N,N,N,N,N,N,N,N,N,N
#soft-almond-cookie-to-go-,745JCQ4WJZKGOA6SZXKSMC66,Soft Almond Cookie to Go,,Pound 1.000,T938610,,Cookies by the Pound to Go,Cookies by the Pound to Go,,,,,visible,Prepared food and beverage,,,,,,,Y,24.00,,N,,N,,N,,,,,,Y,,,,,,Y,,,,,,Y,,,,,,N,N,N,N,N,N,N,N,N,N,N,N
#spinach-feta-ts--,UPNKWGWQC65AUN3T3AV4B6IE,Spinach & Feta (TS),,,1344415,,Spinach to Stay,Spinach to Stay,,,,,visible,Prepared food and beverage,,,,,,,Y,7.25,,N,,N,,N,,,,,,Y,,,,,,Y,,,,,,Y,,,,,,N,N,N,N,N,N,N,N,N,N,N,Y
#spinach-feta-to-go-,XL2OGRLS7YP2CWQPUZDSPWFT,Spinach & Feta to Go,,,295420N,,Spinach to Go,Spinach to Go,,,,,visible,Prepared food and beverage,,,,,,,Y,6.95,,N,,N,,N,,,,,,Y,,,,,,Y,,,,,,Y,,,,,,N,N,N,N,N,N,N,N,N,N,N,N
#spinach-kale-ts--,4BVQE3PGTC3IL62MQ7LVZGNB,Spinach & Kale (TS),,,F603433,,Spinach to Stay,Spinach to Stay,,,,,visible,Prepared food and beverage,,,,,,,Y,7.25,,N,,N,,N,,,,,,Y,,,,,,Y,,,,,,Y,,,,,,N,N,N,N,N,N,N,N,N,N,N,Y
#spinach-kale-to-go-,GATOD7RP45YPNDAEHUSVOUFD,Spinach & Kale to Go,,,R364992,,Spinach to Go,Spinach to Go,,,,,visible,Prepared food and beverage,,,,,,,Y,6.95,,N,,N,,N,,,,,,Y,,,,,,Y,,,,,,Y,,,,,,N,N,N,N,N,N,N,N,N,N,N,N
#strawberry-banana-cupcake-ts--,GSJVDBYPKPVO3U73HQCIADLP,Strawberry Banana Cupcake (TS),,,L059379,,Cupcakes to Stay,Cupcakes to Stay,,,,,visible,Prepared food and beverage,,,,,,,Y,4.50,,N,,N,,N,,,,,,Y,,,,,,Y,,,,,,Y,,,,,,N,N,N,N,N,N,N,N,N,N,N,Y
#strawberry-banana-cupcake-to-go-,WOS5NQJGGLXUAPL62APFYTJZ,Strawberry Banana Cupcake to Go,,,V632752,,Cupcakes to Go,Cupcakes to Go,,,,,visible,Prepared food and beverage,,,,,,,Y,4.25,,N,,N,,N,,,,,,Y,,,,,,Y,,,,,,Y,,,,,,N,N,N,N,N,N,N,N,N,N,N,N
#strawberry-cheesecake-slice,O6DBC6WQWVPEOWDVGOB4ZHBB,Strawberry Cheesecake,Slice,,D678122,,Cheesecakes to Go,Cheesecakes to Go,,,,,visible,Prepared food and beverage,,,,,,,Y,8.95,,N,,N,,N,,,,,,Y,,,,,,Y,,,,,,Y,,,,,,N,N,N,N,N,N,N,N,N,N,N,N
#strawberry-cheesecake-8inch,JLNJY6JVPKOAXXJM26PO66Z7,Strawberry Cheesecake,8inch,,429274J,,Cheesecakes to Go,Cheesecakes to Go,,,,,visible,Prepared food and beverage,,,,,,,,56.00,,N,,,,N,,,,,,Y,,,,,,Y,,,,,,Y,,,,,,N,N,N,N,N,N,N,N,N,N,N,N
#strawberry-cheesecake-10inch,65NZHICMBL5M3GKEA4YYEE2Z,Strawberry Cheesecake,10inch,,7864982,,Cheesecakes to Go,Cheesecakes to Go,,,,,visible,Prepared food and beverage,,,,,,,,68.00,,N,,,,N,,,,,,Y,,,,,,Y,,,,,,Y,,,,,,N,N,N,N,N,N,N,N,N,N,N,N
#strawberry-lemonade-,XXZS5AQGHQAAZUX7UJANGDRS,Strawberry Lemonade,,,H181060,,Cold Drinks to Go,Cold Drinks to Go,,,,,visible,Prepared food and beverage,,,,,,,Y,3.75,,N,,N,,N,,,,,,Y,,,,,,Y,,,,,,Y,,,,,,N,N,N,N,N,N,N,N,N,N,N,N
#strawberry-shortcake-slice,N4MJ62HP4HONV7WBIVNZM56W,Strawberry Shortcake,Slice,,7449811,,Cakes to Go,Cakes to Go,,,,,visible,Prepared food and beverage,,,,,,,Y,8.95,,N,,N,,N,,,,,,Y,,,,,,Y,,,,,,Y,,,,,,N,N,N,N,N,N,N,N,N,N,N,N
#strawberry-shortcake-7inch,ASUCK4OW7GYEOZE2IHF377V3,Strawberry Shortcake,7inch,,F488541,,Cakes to Go,Cakes to Go,,,,,visible,Prepared food and beverage,,,,,,,,50.00,,N,,,,N,,,,,,Y,,,,,,Y,,,,,,Y,,,,,,N,N,N,N,N,N,N,N,N,N,N,N
#strawberry-shortcake-8inch,YBXBZHCR7LSMLUR6REW5VQDZ,Strawberry Shortcake,8inch,,M097802,,Cakes to Go,Cakes to Go,,,,,visible,Prepared food and beverage,,,,,,,,54.00,,N,,,,N,,,,,,Y,,,,,,Y,,,,,,Y,,,,,,N,N,N,N,N,N,N,N,N,N,N,N
#strawberry-shortcake-10inch,TDPYY3WCZSKYLCUOBA7NCTZW,Strawberry Shortcake,10inch,,359468W,,Cakes to Go,Cakes to Go,,,,,visible,Prepared food and beverage,,,,,,,,65.00,,N,,,,N,,,,,,Y,,,,,,Y,,,,,,Y,,,,,,N,N,N,N,N,N,N,N,N,N,N,N
#strawberry-shortcake-qs,P3SJWDINWSGERPXS4ZOKCV3E,Strawberry Shortcake,QS,,9075366,,Cakes to Go,Cakes to Go,,,,,visible,Prepared food and beverage,,,,,,,,100.00,,N,,,,N,,,,,,Y,,,,,,Y,,,,,,Y,,,,,,N,N,N,N,N,N,N,N,N,N,N,N
#strawberry-shortcake-hs,NDUUMURK2ZGPNKTNA6ZWI7M3,Strawberry Shortcake,HS,,X491071,,Cakes to Go,Cakes to Go,,,,,visible,Prepared food and beverage,,,,,,,,175.00,,N,,,,N,,,,,,Y,,,,,,Y,,,,,,Y,,,,,,N,N,N,N,N,N,N,N,N,N,N,N
#strawberry-shortcake-fs,H7THDMTOYN34O5IUESBLBISA,Strawberry Shortcake,FS,,8302730,,Cakes to Go,Cakes to Go,,,,,visible,Prepared food and beverage,,,,,,,,240.00,,N,,,,N,,,,,,Y,,,,,,Y,,,,,,Y,,,,,,N,N,N,N,N,N,N,N,N,N,N,N
#sweet-potato-pie-ts--,PJRMYD3PH3JRQSLHAGBGAXWJ,Sweet Potato Pie (TS),,,F429276,,Pies to Stay,Pies to Stay,,,,,visible,Prepared food and beverage,,,,,,,Y,9.25,,N,,N,,N,,,,,,Y,,,,,,Y,,,,,,Y,,,,,,N,N,N,N,N,N,N,N,N,N,N,Y
#sweet-potato-pie-to-go-slice,4VFCBJEIEUFWH5VFBBAVB2MS,Sweet Potato Pie to Go,Slice,,H621525,,Pies to Go,Pies to Go,,,,,visible,Prepared food and beverage,,,,,,,Y,8.75,,N,,N,,N,,,,,,Y,,,,,,Y,,,,,,Y,,,,,,N,N,N,N,N,N,N,N,N,N,N,N
#sweet-potato-pie-to-go-8inch,YLR4H4NAZK65WHX5BJVSIA64,Sweet Potato Pie to Go,8inch,,F876169,,Pies to Go,Pies to Go,,,,,visible,Prepared food and beverage,,,,,,,,29.00,,N,,,,N,,,,,,Y,,,,,,Y,,,,,,Y,,,,,,N,N,N,N,N,N,N,N,N,N,N,N
#sweet-potato-pie-to-go-10inch,EHE5YLNOJ6L7WN7NTDI5DBBR,Sweet Potato Pie to Go,10inch,,3234256,,Pies to Go,Pies to Go,,,,,visible,Prepared food and beverage,,,,,,,,38.00,,N,,,,N,,,,,,Y,,,,,,Y,,,,,,Y,,,,,,N,N,N,N,N,N,N,N,N,N,N,N
#tea-ts--,7ER4EAUQCO74VLU5HZZNWPDP,Tea (TS),,,257518M,,Hot Drinks to Stay,Hot Drinks to Stay,,,,,visible,Prepared food and beverage,,,,,,,Y,4.00,,N,,N,,N,,,,,,Y,,,,,,Y,,,,,,Y,,,,,,N,N,N,N,N,N,N,N,N,N,N,Y
#tea-to-go-small,2XWOX2UOAB6TIKJ4SOI6UC2G,Tea to Go,Small,,D891529,,Hot Drinks to Go,Hot Drinks to Go,,,,,visible,Prepared food and beverage,,,,,,,Y,2.53,,N,,N,,N,,,,,,Y,,,,,,Y,,,,,,Y,,,,,,N,N,N,N,N,N,N,N,N,N,N,N
#tea-to-go-large,DMHDUPP35OL5E3ZVDAKPMECL,Tea to Go,Large,,T862337,,Hot Drinks to Go,Hot Drinks to Go,,,,,visible,Prepared food and beverage,,,,,,,,2.99,,N,,,,N,,,,,,Y,,,,,,Y,,,,,,Y,,,,,,N,N,N,N,N,N,N,N,N,N,N,N
#tiny-bit-older-,QOEGNGCP2GDR7XQEA4UXRTXO,Tiny Bit Older,,,P177384,,Special Cake to Go,Special Cake to Go,,,,,visible,Prepared food and beverage,,,,,,,Y,130.00,,N,,N,,N,,,,,,Y,,,,,,Y,,,,,,Y,,,,,,N,N,N,N,N,N,N,N,N,N,N,N
#tiramisu-slice,RLHC44DRI4KWE7WRWAFOXF77,Tiramisu,Slice,,397601M,,Cakes to Go,Cakes to Go,,,,,visible,Prepared food and beverage,,,,,,,Y,8.95,,N,,N,,N,,,,,,Y,,,,,,Y,,,,,,Y,,,,,,N,N,N,N,N,N,N,N,N,N,N,N
#tiramisu-7inch,H5FEZ4XWFN6R5IMVNZP32GI2,Tiramisu,7inch,,S051029,,Cakes to Go,Cakes to Go,,,,,visible,Prepared food and beverage,,,,,,,,50.00,,N,,,,N,,,,,,Y,,,,,,Y,,,,,,Y,,,,,,N,N,N,N,N,N,N,N,N,N,N,N
#tiramisu-8inch,W5XY3VPOMV4BOLWTNWH5IBTU,Tiramisu,8inch,,3750183,,Cakes to Go,Cakes to Go,,,,,visible,Prepared food and beverage,,,,,,,,54.00,,N,,,,N,,,,,,Y,,,,,,Y,,,,,,Y,,,,,,N,N,N,N,N,N,N,N,N,N,N,N
#tiramisu-10inch,O2JBPPTOKUKCKDAIVJY6I7KL,Tiramisu,10inch,,8818710,,Cakes to Go,Cakes to Go,,,,,visible,Prepared food and beverage,,,,,,,,65.00,,N,,,,N,,,,,,Y,,,,,,Y,,,,,,Y,,,,,,N,N,N,N,N,N,N,N,N,N,N,N
#tiramisu-qs,2OQTSFKFYOMTSQDMJFM7ERFE,Tiramisu,QS,,W511802,,Cakes to Go,Cakes to Go,,,,,visible,Prepared food and beverage,,,,,,,,100.00,,N,,,,N,,,,,,Y,,,,,,Y,,,,,,Y,,,,,,N,N,N,N,N,N,N,N,N,N,N,N
#tiramisu-hs,ZQEBPHZEY2DVJA2NNWAJZKPV,Tiramisu,HS,,6847186,,Cakes to Go,Cakes to Go,,,,,visible,Prepared food and beverage,,,,,,,,175.00,,N,,,,N,,,,,,Y,,,,,,Y,,,,,,Y,,,,,,N,N,N,N,N,N,N,N,N,N,N,N
#tiramisu-fs,UE7AJ7YAKZT7WCWI24IZSSZY,Tiramisu,FS,,P847179,,Cakes to Go,Cakes to Go,,,,,visible,Prepared food and beverage,,,,,,,,240.00,,N,,,,N,,,,,,Y,,,,,,Y,,,,,,Y,,,,,,N,N,N,N,N,N,N,N,N,N,N,N
#tres-leches-ts--,QTY5R6O5P5ER4A7A5N4Q7EGM,Tres Leches (TS),,,3982596,,Cupcakes to Stay,Cupcakes to Stay,,,,,visible,Prepared food and beverage,,,,,,,Y,5.25,,N,,N,,N,,,,,,Y,,,,,,Y,,,,,,Y,,,,,,N,N,N,N,N,N,N,N,N,N,N,Y
#tres-leches-cake-slice,SGEYYJRPXZKLPSKJ4GI3FOPQ,Tres Leches Cake,Slice,,1781769,,Cakes to Go,Cakes to Go,,,,,visible,Prepared food and beverage,,,,,,,Y,8.95,,N,,N,,N,,,,,,Y,,,,,,Y,,,,,,Y,,,,,,N,N,N,N,N,N,N,N,N,N,N,N
#tres-leches-cake-7inch,UCBM6O3AKZZXXDCLC4G72I4Q,Tres Leches Cake,7inch,,2529334,,Cakes to Go,Cakes to Go,,,,,visible,Prepared food and beverage,,,,,,,,50.00,,N,,,,N,,,,,,Y,,,,,,Y,,,,,,Y,,,,,,N,N,N,N,N,N,N,N,N,N,N,N
#tres-leches-cake-8inch,V5P2JS3GYQIDHSFAE4BKLCJA,Tres Leches Cake,8inch,,P312705,,Cakes to Go,Cakes to Go,,,,,visible,Prepared food and beverage,,,,,,,,60.00,,N,,,,N,,,,,,Y,,,,,,Y,,,,,,Y,,,,,,N,N,N,N,N,N,N,N,N,N,N,N
#tres-leches-cake-10inch,VOPSA3L5IISHA3E2OQ6JQW5C,Tres Leches Cake,10inch,,P795903,,Cakes to Go,Cakes to Go,,,,,visible,Prepared food and beverage,,,,,,,,70.00,,N,,,,N,,,,,,Y,,,,,,Y,,,,,,Y,,,,,,N,N,N,N,N,N,N,N,N,N,N,N
#tres-leches-cake-qs,RHHSDGIRRPNUAEFHW4XYCLFY,Tres Leches Cake,QS,,8047321,,Cakes to Go,Cakes to Go,,,,,visible,Prepared food and beverage,,,,,,,,120.00,,N,,,,N,,,,,,Y,,,,,,Y,,,,,,Y,,,,,,N,N,N,N,N,N,N,N,N,N,N,N
#tres-leches-cake-hs,LFOZUNCTZDYOAW5A52GU5GDM,Tres Leches Cake,HS,,W201437,,Cakes to Go,Cakes to Go,,,,,visible,Prepared food and beverage,,,,,,,,190.00,,N,,,,N,,,,,,Y,,,,,,Y,,,,,,Y,,,,,,N,N,N,N,N,N,N,N,N,N,N,N
#tres-leches-cake-fs,OPTZ7OZYFANDUEPITYAZW7PN,Tres Leches Cake,FS,,215437C,,Cakes to Go,Cakes to Go,,,,,visible,Prepared food and beverage,,,,,,,,270.00,,N,,,,N,,,,,,Y,,,,,,Y,,,,,,Y,,,,,,N,N,N,N,N,N,N,N,N,N,N,N
#tres-leches-to-go-,O23AFZDHTVFPCSFZYN4GD6R4,Tres Leches to Go,,,9181264,,Cupcakes to Go,Cupcakes to Go,,,,,visible,Prepared food and beverage,,,,,,,Y,4.95,,N,,N,,N,,,,,,Y,,,,,,Y,,,,,,Y,,,,,,N,N,N,N,N,N,N,N,N,N,N,N
#triple-berry-pie-to-go-slice,UGEPET4RX5DFPXHNZXRXVKQ4,Triple Berry Pie to Go,Slice,,208753F,,Pies to Go,Pies to Go,,,,,visible,Prepared food and beverage,,,,,,,Y,8.75,,N,,N,,N,,,,,,Y,,,,,,Y,,,,,,Y,,,,,,N,N,N,N,N,N,N,N,N,N,N,N
#triple-berry-pie-to-go-8inch,6YZIJ4CUZSK6VWPAJ33JWWIU,Triple Berry Pie to Go,8inch,,372981W,,Pies to Go,Pies to Go,,,,,visible,Prepared food and beverage,,,,,,,,29.00,,N,,,,N,,,,,,Y,,,,,,Y,,,,,,Y,,,,,,N,N,N,N,N,N,N,N,N,N,N,N
#triple-berry-pie-to-go-10inch,FPYPUAJOFSCIISHRV42HDSAJ,Triple Berry Pie to Go,10inch,,X394579,,Pies to Go,Pies to Go,,,,,visible,Prepared food and beverage,,,,,,,,38.00,,N,,,,N,,,,,,Y,,,,,,Y,,,,,,Y,,,,,,N,N,N,N,N,N,N,N,N,N,N,N
#triple-cherry-crumb-pie-8inch,YDARXPGDZK4V5CZD44X2KVUB,Triple Cherry Crumb Pie,8inch,,2683821,,Pies to Go,Pies to Go,,,,,visible,Prepared food and beverage,,,,,,,Y,29.00,,N,,N,,N,,,,,,Y,,,,,,Y,,,,,,Y,,,,,,N,N,N,N,N,N,N,N,N,N,N,N
#triple-cherry-crumb-pie-10inch,2VBRSCVJ5GM4PVKPOLX3ICHN,Triple Cherry Crumb Pie,10inch,,E078433,,Pies to Go,Pies to Go,,,,,visible,Prepared food and beverage,,,,,,,,38.00,,N,,,,N,,,,,,Y,,,,,,Y,,,,,,Y,,,,,,N,N,N,N,N,N,N,N,N,N,N,N
#triple-cherry-pie-ts--,2KC3OSSVEKTTCYGCFLWIP5YK,Triple Cherry Pie (TS),,,229489Q,,Pies to Stay,Pies to Stay,,,,,visible,Prepared food and beverage,,,,,,,Y,9.25,,N,,N,,N,,,,,,Y,,,,,,Y,,,,,,Y,,,,,,N,N,N,N,N,N,N,N,N,N,N,Y
#turkey-and-cheese-croissant-ts--,JQ5TP2DYOQ2ZWLU2O4GYWE5I,Turkey and Cheese Croissant (TS),,,4764933,,Croissant to Stay,Croissant to Stay,,,,,visible,Prepared food and beverage,,,,,,,Y,6.50,,N,,N,,N,,,,,,Y,,,,,,Y,,,,,,Y,,,,,,N,N,N,N,N,N,N,N,N,N,N,Y
#turkey-and-cheese-croissant-to-go-,M362IYJAQ6V4PF63EPFWJPEC,Turkey and Cheese Croissant to Go,,,220851N,,Croissant to Go,Croissant to Go,,,,,visible,Prepared food and beverage,,,,,,,Y,5.95,,N,,N,,N,,,,,,Y,,,,,,Y,,,,,,Y,,,,,,N,N,N,N,N,N,N,N,N,N,N,N
#vanilla-bean-cake-slice,EFIZNHXRMERNWWCF3ZE76I5S,Vanilla Bean Cake,Slice,,K837957,,Cakes to Go,Cakes to Go,,,,,visible,Prepared food and beverage,,,,,,,Y,8.95,,N,,N,,N,,,,,,Y,,,,,,Y,,,,,,Y,,,,,,N,N,N,N,N,N,N,N,N,N,N,N
#vanilla-bean-cake-7inch,ULERHAS6WNZRWP54CVVWRRE5,Vanilla Bean Cake,7inch,,J280991,,Cakes to Go,Cakes to Go,,,,,visible,Prepared food and beverage,,,,,,,,50.00,,N,,,,N,,,,,,Y,,,,,,Y,,,,,,Y,,,,,,N,N,N,N,N,N,N,N,N,N,N,N
#vanilla-bean-cake-8inch,BPFO6NFIBYYXWUQKJ7Q3EACN,Vanilla Bean Cake,8inch,,L550806,,Cakes to Go,Cakes to Go,,,,,visible,Prepared food and beverage,,,,,,,,54.00,,N,,,,N,,,,,,Y,,,,,,Y,,,,,,Y,,,,,,N,N,N,N,N,N,N,N,N,N,N,N
#vanilla-bean-cake-10inch,BZZXTNOZV6DXL3KRSORE7EQX,Vanilla Bean Cake,10inch,,P140313,,Cakes to Go,Cakes to Go,,,,,visible,Prepared food and beverage,,,,,,,,65.00,,N,,,,N,,,,,,Y,,,,,,Y,,,,,,Y,,,,,,N,N,N,N,N,N,N,N,N,N,N,N
#vanilla-bean-cake-qs,VTR4L6TJVZTT7TPYJOMVFM7Y,Vanilla Bean Cake,QS,,K401882,,Cakes to Go,Cakes to Go,,,,,visible,Prepared food and beverage,,,,,,,,100.00,,N,,,,N,,,,,,Y,,,,,,Y,,,,,,Y,,,,,,N,N,N,N,N,N,N,N,N,N,N,N
#vanilla-bean-cake-hs,TQ5Z56LSETIDMZ55ZPKQMTE2,Vanilla Bean Cake,HS,,9409258,,Cakes to Go,Cakes to Go,,,,,visible,Prepared food and beverage,,,,,,,,175.00,,N,,,,N,,,,,,Y,,,,,,Y,,,,,,Y,,,,,,N,N,N,N,N,N,N,N,N,N,N,N
#vanilla-bean-cake-fs,GXQY2T3R3VRLWUJ27P63JSKW,Vanilla Bean Cake,FS,,D133938,,Cakes to Go,Cakes to Go,,,,,visible,Prepared food and beverage,,,,,,,,240.00,,N,,,,N,,,,,,Y,,,,,,Y,,,,,,Y,,,,,,N,N,N,N,N,N,N,N,N,N,N,N
#vanilla-chocolate-cupcake-ts--,3XTWYW2BR6I43QWKKIUK55Q2,Vanilla Chocolate Cupcake (TS),,,2383119,,Cupcakes to Stay,Cupcakes to Stay,,,,,visible,Prepared food and beverage,,,,,,,Y,4.50,,N,,N,,N,,,,,,Y,,,,,,Y,,,,,,Y,,,,,,N,N,N,N,N,N,N,N,N,N,N,Y
#vanilla-chocolate-cupcake-to-go-,ATN2KKVAGW4BHUXSMGFMAVLL,Vanilla Chocolate Cupcake to Go,,,2773253,,Cupcakes to Go,Cupcakes to Go,,,,,visible,Prepared food and beverage,,,,,,,Y,4.25,,N,,N,,N,,,,,,Y,,,,,,Y,,,,,,Y,,,,,,N,N,N,N,N,N,N,N,N,N,N,N
#vanilla-cupcake-ts--,J4K2NDA6PPXQDQHHMUMDKNIQ,Vanilla Cupcake (TS),,,983204T,,Cupcakes to Stay,Cupcakes to Stay,,,,,visible,Prepared food and beverage,,,,,,,Y,4.50,,N,,N,,N,,,,,,Y,,,,,,Y,,,,,,Y,,,,,,N,N,N,N,N,N,N,N,N,N,N,Y
#vanilla-cupcake-to-go-,RL6ICZLYQ7TBC5AHEWEN3TGF,Vanilla Cupcake to Go,,,654480W,,Cupcakes to Go,Cupcakes to Go,,,,,visible,Prepared food and beverage,,,,,,,Y,4.25,,N,,N,,N,,,,,,Y,,,,,,Y,,,,,,Y,,,,,,N,N,N,N,N,N,N,N,N,N,N,N
#vanilla-eclair-ts--,MH46CDNJWEZGXL3OLVBKXHTM,Vanilla Eclair (TS),,,V438581,,SEN to Stay,SEN to Stay,,,,,visible,Prepared food and beverage,,,,,,,Y,6.95,,N,,N,,N,,,,,,Y,,,,,,Y,,,,,,Y,,,,,,N,N,N,N,N,N,N,N,N,N,N,Y
#vanilla-eclair-to-go-,IG7WZ7Y2WSYNKRR56MO25FA4,Vanilla Eclair to Go,,,294271E,,SEN to Go,SEN to Go,,,,,visible,Prepared food and beverage,,,,,,,Y,6.50,,N,,N,,N,,,,,,Y,,,,,,Y,,,,,,Y,,,,,,N,N,N,N,N,N,N,N,N,N,N,N
#vanilla-vegan-cupcake-ts--,L3CKDS4WZEDMC6FHITYIGJK3,Vanilla Vegan Cupcake (TS),,,S874590,,Cupcakes to Stay,Cupcakes to Stay,,,,,visible,Prepared food and beverage,,,,,,,Y,4.75,,N,,N,,N,,,,,,Y,,,,,,Y,,,,,,Y,,,,,,N,N,N,N,N,N,N,N,N,N,N,Y
#vanilla-vegan-cupcake-to-go-,T3VDJHACHJVBTSSN7F5SS6PT,Vanilla Vegan Cupcake to Go,,,523603G,,Cupcakes to Go,Cupcakes to Go,,,,,visible,Prepared food and beverage,,,,,,,Y,4.50,,N,,N,,N,,,,,,Y,,,,,,Y,,,,,,Y,,,,,,N,N,N,N,N,N,N,N,N,N,N,N
#vegan-chocolate-fudge-ts--,SZDNX4KOGRXT5KLPJJJ74QDK,Vegan Chocolate Fudge (TS),,,780848L,,Vegan to Stay,Vegan to Stay,,,,,visible,Prepared food and beverage,,,,,,,Y,8.95,,N,,N,,N,,,,,,Y,,,,,,Y,,,,,,Y,,,,,,N,N,N,N,N,N,N,N,N,N,N,Y
#vegan-chocolate-fudge-to-go-individual,IGEGY3DNVEOU3FEO7G5RH6KO,Vegan Chocolate Fudge to Go,Individual,,509774F,,Vegan to Go,Vegan to Go,,,,,visible,Prepared food and beverage,,,,,,,Y,8.50,,N,,N,,N,,,,,,Y,,,,,,Y,,,,,,Y,,,,,,N,N,N,N,N,N,N,N,N,N,N,N
#vegan-chocolate-fudge-to-go-8inch,PXZ7ZSLJQMFIOZHKCPGIART4,Vegan Chocolate Fudge to Go,8inch,,5386570,,Vegan to Go,Vegan to Go,,,,,visible,Prepared food and beverage,,,,,,,,60.00,,N,,,,N,,,,,,Y,,,,,,Y,,,,,,Y,,,,,,N,N,N,N,N,N,N,N,N,N,N,N
#vegan-chocolate-fudge-to-go-10inch,EUNRIFB5SP4BSZE2GMWEXEBX,Vegan Chocolate Fudge to Go,10inch,,1547751,,Vegan to Go,Vegan to Go,,,,,visible,Prepared food and beverage,,,,,,,,70.00,,N,,,,N,,,,,,Y,,,,,,Y,,,,,,Y,,,,,,N,N,N,N,N,N,N,N,N,N,N,N
#vegan-chocolate-fudge-to-go-qs,QCH6IR7ZBBXSNQ3BRGUNPEZE,Vegan Chocolate Fudge to Go,QS,,C057346,,Vegan to Go,Vegan to Go,,,,,visible,Prepared food and beverage,,,,,,,,120.00,,N,,,,N,,,,,,Y,,,,,,Y,,,,,,Y,,,,,,N,N,N,N,N,N,N,N,N,N,N,N
#vegan-chocolate-fudge-to-go-hs,FDJPMU2BD25I4CELRMTKGCQI,Vegan Chocolate Fudge to Go,HS,,K846617,,Vegan to Go,Vegan to Go,,,,,visible,Prepared food and beverage,,,,,,,,200.00,,N,,,,N,,,,,,Y,,,,,,Y,,,,,,Y,,,,,,N,N,N,N,N,N,N,N,N,N,N,N
#vegan-chocolate-fudge-to-go-fs,NTP3RFOZJOPUYB2S7P634SRS,Vegan Chocolate Fudge to Go,FS,,9074722,,Vegan to Go,Vegan to Go,,,,,visible,Prepared food and beverage,,,,,,,,270.00,,N,,,,N,,,,,,Y,,,,,,Y,,,,,,Y,,,,,,N,N,N,N,N,N,N,N,N,N,N,N
#vegan-hazelnut-cake-ts--,6CKFCJZGYG5J57RFGTCLP4VK,Vegan Hazelnut Cake (TS),,,5177844,,Vegan to Stay,Vegan to Stay,,,,,visible,Prepared food and beverage,,,,,,,Y,8.95,,N,,N,,N,,,,,,Y,,,,,,Y,,,,,,Y,,,,,,N,N,N,N,N,N,N,N,N,N,N,Y
#vegan-hazelnut-cake-to-go-individual,AMKXAJ3UQDAXTADMIKHKHWDK,Vegan Hazelnut Cake to Go,Individual,,Q229166,,Vegan to Go,Vegan to Go,,,,,visible,Prepared food and beverage,,,,,,,Y,8.50,,N,,N,,N,,,,,,Y,,,,,,Y,,,,,,Y,,,,,,N,N,N,N,N,N,N,N,N,N,N,N
#vegan-hazelnut-cake-to-go-8inch,MOJYTO4VC3WH47RV7UXS7R4K,Vegan Hazelnut Cake to Go,8inch,,5109492,,Vegan to Go,Vegan to Go,,,,,visible,Prepared food and beverage,,,,,,,,60.00,,N,,,,N,,,,,,Y,,,,,,Y,,,,,,Y,,,,,,N,N,N,N,N,N,N,N,N,N,N,N
#vegan-hazelnut-cake-to-go-10inch,QHZFVKX4XDOSZLYQPQMXHW4J,Vegan Hazelnut Cake to Go,10inch,,8913037,,Vegan to Go,Vegan to Go,,,,,visible,Prepared food and beverage,,,,,,,,70.00,,N,,,,N,,,,,,Y,,,,,,Y,,,,,,Y,,,,,,N,N,N,N,N,N,N,N,N,N,N,N
#vegan-hazelnut-cake-to-go-qs,P4H5WO4CLDGBJKG2JTJAHYEK,Vegan Hazelnut Cake to Go,QS,,M134466,,Vegan to Go,Vegan to Go,,,,,visible,Prepared food and beverage,,,,,,,,120.00,,N,,,,N,,,,,,Y,,,,,,Y,,,,,,Y,,,,,,N,N,N,N,N,N,N,N,N,N,N,N
#vegan-hazelnut-cake-to-go-hs,TOLBPZ4IYFT2JMEZHQLCJBUP,Vegan Hazelnut Cake to Go,HS,,339334A,,Vegan to Go,Vegan to Go,,,,,visible,Prepared food and beverage,,,,,,,,200.00,,N,,,,N,,,,,,Y,,,,,,Y,,,,,,Y,,,,,,N,N,N,N,N,N,N,N,N,N,N,N
#vegan-hazelnut-cake-to-go-fs,H2FXUEVCELLKVDMKKRZ5M4LA,Vegan Hazelnut Cake to Go,FS,,5603775,,Vegan to Go,Vegan to Go,,,,,visible,Prepared food and beverage,,,,,,,,270.00,,N,,,,N,,,,,,Y,,,,,,Y,,,,,,Y,,,,,,N,N,N,N,N,N,N,N,N,N,N,N
#vegan-oreo-ts--,KR7T36244KZ6DYVFFATBF7PS,Vegan Oreo (TS),,,449770B,,Vegan to Stay,Vegan to Stay,,,,,visible,Prepared food and beverage,,,,,,,Y,8.95,,N,,N,,N,,,,,,Y,,,,,,Y,,,,,,Y,,,,,,N,N,N,N,N,N,N,N,N,N,N,Y
#vegan-oreo-cake-to-go-individual,B6PXGQCWLY7CNOGHDCKH6PHY,Vegan Oreo Cake to Go,Individual,,542257C,,Vegan to Go,Vegan to Go,,,,,visible,Prepared food and beverage,,,,,,,Y,8.50,,N,,N,,N,,,,,,Y,,,,,,Y,,,,,,Y,,,,,,N,N,N,N,N,N,N,N,N,N,N,N
#vegan-oreo-cake-to-go-8inch,GPOA2X2RKGK5RN3IL5DZARAI,Vegan Oreo Cake to Go,8inch,,562569Q,,Vegan to Go,Vegan to Go,,,,,visible,Prepared food and beverage,,,,,,,,60.00,,N,,,,N,,,,,,Y,,,,,,Y,,,,,,Y,,,,,,N,N,N,N,N,N,N,N,N,N,N,N
#vegan-oreo-cake-to-go-10inch,6WSFUOVOGXRUCPZ546ETKJJK,Vegan Oreo Cake to Go,10inch,,717527M,,Vegan to Go,Vegan to Go,,,,,visible,Prepared food and beverage,,,,,,,,70.00,,N,,,,N,,,,,,Y,,,,,,Y,,,,,,Y,,,,,,N,N,N,N,N,N,N,N,N,N,N,N
#vegan-oreo-cake-to-go-qs,V66G2NC3AGQAHZ3QKAYB2JGT,Vegan Oreo Cake to Go,QS,,816850M,,Vegan to Go,Vegan to Go,,,,,visible,Prepared food and beverage,,,,,,,,120.00,,N,,,,N,,,,,,Y,,,,,,Y,,,,,,Y,,,,,,N,N,N,N,N,N,N,N,N,N,N,N
#vegan-oreo-cake-to-go-hs,RIOIFBRULJ3E7YFN5EHFUPFL,Vegan Oreo Cake to Go,HS,,211613W,,Vegan to Go,Vegan to Go,,,,,visible,Prepared food and beverage,,,,,,,,200.00,,N,,,,N,,,,,,Y,,,,,,Y,,,,,,Y,,,,,,N,N,N,N,N,N,N,N,N,N,N,N
#vegan-oreo-cake-to-go-fs,QRGHYS7SAXCNVBVAGY3ODZYW,Vegan Oreo Cake to Go,FS,,J260958,,Vegan to Go,Vegan to Go,,,,,visible,Prepared food and beverage,,,,,,,,270.00,,N,,,,N,,,,,,Y,,,,,,Y,,,,,,Y,,,,,,N,N,N,N,N,N,N,N,N,N,N,N
#vegan-peanut-butter-cake-ts--,EJW34BMADD3BDFF6PP5SGHCP,Vegan Peanut Butter Cake (TS),,,965658K,,Vegan to Stay,Vegan to Stay,,,,,visible,Prepared food and beverage,,,,,,,Y,8.95,,N,,N,,N,,,,,,Y,,,,,,Y,,,,,,Y,,,,,,N,N,N,N,N,N,N,N,N,N,N,Y
#vegan-peanut-butter-cake-to-go-individual,U6APKJJTLRKDV27E7AYWO7U4,Vegan Peanut Butter Cake to Go,Individual,,2867268,,Vegan to Go,Vegan to Go,,,,,visible,Prepared food and beverage,,,,,,,Y,8.50,,N,,N,,N,,,,,,Y,,,,,,Y,,,,,,Y,,,,,,N,N,N,N,N,N,N,N,N,N,N,N
#vegan-peanut-butter-cake-to-go-8inch,3OPMI3OL6N3KR2EQMTI4XVLX,Vegan Peanut Butter Cake to Go,8inch,,W252071,,Vegan to Go,Vegan to Go,,,,,visible,Prepared food and beverage,,,,,,,,60.00,,N,,,,N,,,,,,Y,,,,,,Y,,,,,,Y,,,,,,N,N,N,N,N,N,N,N,N,N,N,N
#vegan-peanut-butter-cake-to-go-10inch,POGDPZWVWR24ZUXTHMI2O7XH,Vegan Peanut Butter Cake to Go,10inch,,D792956,,Vegan to Go,Vegan to Go,,,,,visible,Prepared food and beverage,,,,,,,,70.00,,N,,,,N,,,,,,Y,,,,,,Y,,,,,,Y,,,,,,N,N,N,N,N,N,N,N,N,N,N,N
#vegan-peanut-butter-cake-to-go-qs,ADOVTTZBTWNGR4W2IQ7BB2G6,Vegan Peanut Butter Cake to Go,QS,,Z569894,,Vegan to Go,Vegan to Go,,,,,visible,Prepared food and beverage,,,,,,,,120.00,,N,,,,N,,,,,,Y,,,,,,Y,,,,,,Y,,,,,,N,N,N,N,N,N,N,N,N,N,N,N
#vegan-peanut-butter-cake-to-go-hs,PN4ICAZ64WNBH3GGZ27UOZVI,Vegan Peanut Butter Cake to Go,HS,,Q077642,,Vegan to Go,Vegan to Go,,,,,visible,Prepared food and beverage,,,,,,,,200.00,,N,,,,N,,,,,,Y,,,,,,Y,,,,,,Y,,,,,,N,N,N,N,N,N,N,N,N,N,N,N
#vegan-peanut-butter-cake-to-go-fs,S7KPDIJRURFHKZ6DU7D4UGKK,Vegan Peanut Butter Cake to Go,FS,,926552G,,Vegan to Go,Vegan to Go,,,,,visible,Prepared food and beverage,,,,,,,,270.00,,N,,,,N,,,,,,Y,,,,,,Y,,,,,,Y,,,,,,N,N,N,N,N,N,N,N,N,N,N,N
#vegan-raspberry-ts--,KD7GMQZCUPFZM5XALVJZ25B4,Vegan Raspberry (TS),,,4817281,,Vegan to Stay,Vegan to Stay,,,,,visible,Prepared food and beverage,,,,,,,Y,8.95,,N,,N,,N,,,,,,Y,,,,,,Y,,,,,,Y,,,,,,N,N,N,N,N,N,N,N,N,N,N,Y
#vegan-raspberry-cake-to-go-individual,XOL73S6RT52FNYLAAAPVXMFC,Vegan Raspberry Cake to Go,Individual,,457983Q,,Vegan to Go,Vegan to Go,,,,,visible,Prepared food and beverage,,,,,,,Y,8.50,,N,,N,,N,,,,,,Y,,,,,,Y,,,,,,Y,,,,,,N,N,N,N,N,N,N,N,N,N,N,N
#vegan-raspberry-cake-to-go-8inch,HR5DXUIQF62ONTEPVYQIAYED,Vegan Raspberry Cake to Go,8inch,,347581B,,Vegan to Go,Vegan to Go,,,,,visible,Prepared food and beverage,,,,,,,,60.00,,N,,,,N,,,,,,Y,,,,,,Y,,,,,,Y,,,,,,N,N,N,N,N,N,N,N,N,N,N,N
#vegan-raspberry-cake-to-go-10inch,G7VKHTYBR3QSD6TAAREAORHH,Vegan Raspberry Cake to Go,10inch,,D134747,,Vegan to Go,Vegan to Go,,,,,visible,Prepared food and beverage,,,,,,,,70.00,,N,,,,N,,,,,,Y,,,,,,Y,,,,,,Y,,,,,,N,N,N,N,N,N,N,N,N,N,N,N
#vegan-raspberry-cake-to-go-qs,H5JVOK6JE4OU672RNME5564I,Vegan Raspberry Cake to Go,QS,,8031105,,Vegan to Go,Vegan to Go,,,,,visible,Prepared food and beverage,,,,,,,,120.00,,N,,,,N,,,,,,Y,,,,,,Y,,,,,,Y,,,,,,N,N,N,N,N,N,N,N,N,N,N,N
#vegan-raspberry-cake-to-go-hs,J5HWLLZ5D7ROJPXHSOTA62V6,Vegan Raspberry Cake to Go,HS,,W665112,,Vegan to Go,Vegan to Go,,,,,visible,Prepared food and beverage,,,,,,,,200.00,,N,,,,N,,,,,,Y,,,,,,Y,,,,,,Y,,,,,,N,N,N,N,N,N,N,N,N,N,N,N
#vegan-raspberry-cake-to-go-fs,QKLXSWVFQNE2HFQQRPTHX6VU,Vegan Raspberry Cake to Go,FS,,730924Y,,Vegan to Go,Vegan to Go,,,,,visible,Prepared food and beverage,,,,,,,,270.00,,N,,,,N,,,,,,Y,,,,,,Y,,,,,,Y,,,,,,N,N,N,N,N,N,N,N,N,N,N,N
#vegan-vanilla-oreo-8inch,WQCVKNTI6YYMBASVJDSG64RE,Vegan Vanilla Oreo,8inch,,457941D,,Vegan to Go,Vegan to Go,,,,,visible,Prepared food and beverage,,,,,,,Y,60.00,,N,,N,,N,,,,,,Y,,,,,,Y,,,,,,Y,,,,,,N,N,N,N,N,N,N,N,N,N,N,N
#vegan-vanilla-oreo-10inch,3LVNOBJBXW3BLLYQHXCNR4T3,Vegan Vanilla Oreo,10inch,,756484W,,Vegan to Go,Vegan to Go,,,,,visible,Prepared food and beverage,,,,,,,,70.00,,N,,,,N,,,,,,Y,,,,,,Y,,,,,,Y,,,,,,N,N,N,N,N,N,N,N,N,N,N,N
#vegan-vanilla-oreo-qs,FHHWGG2W5LWKF244OXPDEQEU,Vegan Vanilla Oreo,QS,,260928Z,,Vegan to Go,Vegan to Go,,,,,visible,Prepared food and beverage,,,,,,,,120.00,,N,,,,N,,,,,,Y,,,,,,Y,,,,,,Y,,,,,,N,N,N,N,N,N,N,N,N,N,N,N
#vegan-vanilla-oreo-hs,A4N6BSDWE6J7MXQRO5FQCR7F,Vegan Vanilla Oreo,HS,,H462308,,Vegan to Go,Vegan to Go,,,,,visible,Prepared food and beverage,,,,,,,,200.00,,N,,,,N,,,,,,Y,,,,,,Y,,,,,,Y,,,,,,N,N,N,N,N,N,N,N,N,N,N,N
#vegan-vanilla-oreo-fs,VC27MYJABKY4OX2Y72KSGAZ3,Vegan Vanilla Oreo,FS,,775301N,,Vegan to Go,Vegan to Go,,,,,visible,Prepared food and beverage,,,,,,,,270.00,,N,,,,N,,,,,,Y,,,,,,Y,,,,,,Y,,,,,,N,N,N,N,N,N,N,N,N,N,N,N
#vintage-heart-,A5XA4IX3TOIAIJJHZ3RXUJ2H,Vintage Heart,,,4060259,,Special Cake to Go,Special Cake to Go,,,,,visible,Prepared food and beverage,,,,,,,Y,120.00,,N,,N,,N,,,,,,Y,,,,,,Y,,,,,,Y,,,,,,N,N,N,N,N,N,N,N,N,N,N,N
#vintage-round-,GKLP6TT3POFB5XKGMMWBD63Z,Vintage Round,,,824253D,,Special Cake to Go,Special Cake to Go,,,,,visible,Prepared food and beverage,,,,,,,Y,110.00,,N,,N,,N,,,,,,Y,,,,,,Y,,,,,,Y,,,,,,N,N,N,N,N,N,N,N,N,N,N,N